"kind","relative_path","absolute_path","exists","status","command","exit_code","sha256","stdout","stderr"
"javascript","src\queue\dailyQueueReader.js","E:\YOLLA\source-factory-core\src\queue\dailyQueueReader.js","True","PASS_NODE_CHECK","node --check ""E:\YOLLA\source-factory-core\src\queue\dailyQueueReader.js""","0","76737a6582c93ba4330a8e0e8f4fcc4dc7380585cc265d8f2675c9e20c7c0620",,
"javascript","src\queue\pythonProcessRunner.js","E:\YOLLA\source-factory-core\src\queue\pythonProcessRunner.js","True","PASS_NODE_CHECK","node --check ""E:\YOLLA\source-factory-core\src\queue\pythonProcessRunner.js""","0","ab40b61eecaf9731dd8708c5e3e4f090f79b68242901c445610b718f4e53aab0",,
"javascript","src\gpt_browser_bridge\buttonHandlers.js","E:\YOLLA\source-factory-core\src\gpt_browser_bridge\buttonHandlers.js","True","PASS_NODE_CHECK","node --check ""E:\YOLLA\source-factory-core\src\gpt_browser_bridge\buttonHandlers.js""","0","d69be4e9afcc5864af7e1b38529b98c57064a2aa96b23883dea32e112c03343b",,
"javascript","src\gpt_browser_bridge\diagnostics.js","E:\YOLLA\source-factory-core\src\gpt_browser_bridge\diagnostics.js","True","PASS_NODE_CHECK","node --check ""E:\YOLLA\source-factory-core\src\gpt_browser_bridge\diagnostics.js""","0","8aff7147a926623668d25bae5c8f9081a5c7552c8dc0d64eea8b15ce8b20d89e",,
"javascript","src\gpt_browser_bridge\fileNameSafe.js","E:\YOLLA\source-factory-core\src\gpt_browser_bridge\fileNameSafe.js","True","PASS_NODE_CHECK","node --check ""E:\YOLLA\source-factory-core\src\gpt_browser_bridge\fileNameSafe.js""","0","e2e55ca1e08a8b96c62d77348b66dccbf3c570cce9a0fa2a78452098609431f5",,
"javascript","src\gpt_browser_bridge\stage1SelfCheck.js","E:\YOLLA\source-factory-core\src\gpt_browser_bridge\stage1SelfCheck.js","True","PASS_NODE_CHECK","node --check ""E:\YOLLA\source-factory-core\src\gpt_browser_bridge\stage1SelfCheck.js""","0","dde37d7fa1ec956e4bee30d24e3eed1d968380eb905bd4ce4aec60f3ff41ebda",,
"python","src\pc_agent_routing\B2_W12_PREFINAL_VALIDATOR.py","E:\YOLLA\source-factory-core\src\pc_agent_routing\B2_W12_PREFINAL_VALIDATOR.py","True","PASS_PY_COMPILE","python -m py_compile ""E:\YOLLA\source-factory-core\src\pc_agent_routing\B2_W12_PREFINAL_VALIDATOR.py""","0","371b0480110f4f5766202bdaabf2134617b5dcf1b03c3fa7a59501a14d033792",,
"python","src\pc_agent_routing\event_consumption_store.py","E:\YOLLA\source-factory-core\src\pc_agent_routing\event_consumption_store.py","True","PASS_PY_COMPILE","python -m py_compile ""E:\YOLLA\source-factory-core\src\pc_agent_routing\event_consumption_store.py""","0","6ae1df3747b0bf3611fc0bbf904be1ea2033bef415a33e4ec0f4a4cd99207a73",,
"python","src\pc_agent_routing\resource_doctor.py","E:\YOLLA\source-factory-core\src\pc_agent_routing\resource_doctor.py","True","PASS_PY_COMPILE","python -m py_compile ""E:\YOLLA\source-factory-core\src\pc_agent_routing\resource_doctor.py""","0","91f4d5cee4fb08e34a2c75fbb3d41ff8a0b2a583dead63a511283a3b50b15d70",,
