"file_name","staged_path","category","static_status","prior_decision","final_decision","sha256"
"stage4-run-prompt-queue__20260703_023233_305.txt","","P0_DAILY_QUEUE_RUNNER","PASS_NO_COMPILE_CHECK_REQUIRED","BLOCKED_SHA_MISMATCH","BLOCKED_REVIEW_REQUIRED","f06a01a7ddc3d2bbc1a3b6ce04bb43f5bb73cbb06977c6fc8adfacd957a1afb6"
"stage4-run-prompt-queue__20260703_023232_317.txt","","P0_DAILY_QUEUE_RUNNER","PASS_NO_COMPILE_CHECK_REQUIRED","BLOCKED_SHA_MISMATCH","BLOCKED_REVIEW_REQUIRED","f06a01a7ddc3d2bbc1a3b6ce04bb43f5bb73cbb06977c6fc8adfacd957a1afb6"
"stage4-run-prompt-queue__20260703_023231_537.txt","","P0_DAILY_QUEUE_RUNNER","PASS_NO_COMPILE_CHECK_REQUIRED","BLOCKED_SHA_MISMATCH","BLOCKED_REVIEW_REQUIRED","f06a01a7ddc3d2bbc1a3b6ce04bb43f5bb73cbb06977c6fc8adfacd957a1afb6"
"stage4-run-prompt-queue__20260703_023235_196.txt","","P0_DAILY_QUEUE_RUNNER","PASS_NO_COMPILE_CHECK_REQUIRED","BLOCKED_SHA_MISMATCH","BLOCKED_REVIEW_REQUIRED","f06a01a7ddc3d2bbc1a3b6ce04bb43f5bb73cbb06977c6fc8adfacd957a1afb6"
"stage4-run-prompt-queue__20260703_023234_662.txt","","P0_DAILY_QUEUE_RUNNER","PASS_NO_COMPILE_CHECK_REQUIRED","BLOCKED_SHA_MISMATCH","BLOCKED_REVIEW_REQUIRED","f06a01a7ddc3d2bbc1a3b6ce04bb43f5bb73cbb06977c6fc8adfacd957a1afb6"
"stage4-run-prompt-queue__20260703_023234_129.txt","","P0_DAILY_QUEUE_RUNNER","PASS_NO_COMPILE_CHECK_REQUIRED","BLOCKED_SHA_MISMATCH","BLOCKED_REVIEW_REQUIRED","f06a01a7ddc3d2bbc1a3b6ce04bb43f5bb73cbb06977c6fc8adfacd957a1afb6"
"stage4-run-prompt-queue__20260703_023104_826.txt","","P0_DAILY_QUEUE_RUNNER","PASS_NO_COMPILE_CHECK_REQUIRED","BLOCKED_SHA_MISMATCH","BLOCKED_REVIEW_REQUIRED","f06a01a7ddc3d2bbc1a3b6ce04bb43f5bb73cbb06977c6fc8adfacd957a1afb6"
"stage4PromptRunStateModel.js","","P0_DAILY_QUEUE_RUNNER","PASS_NODE_CHECK","BLOCKED_SHA_MISMATCH","BLOCKED_REVIEW_REQUIRED","02b5c1f927f1abfcc81c734857250881b6329c22e0544ff57f8463ddd328f878"
"stage4PromptRetryPolicy.js","","P0_DAILY_QUEUE_RUNNER","PASS_NODE_CHECK","BLOCKED_SHA_MISMATCH","BLOCKED_REVIEW_REQUIRED","0036cc79ecb21b57989ad1c5118a451554ea0f56c0f77c30d473ef3baa1a643b"
"stage4PromptQueueViewModel.js","","P0_DAILY_QUEUE_RUNNER","PASS_NODE_CHECK","BLOCKED_SHA_MISMATCH","BLOCKED_REVIEW_REQUIRED","bde60c126cca1e402dfe84bfe2ba6fb243e2c1f91872e4ca794b68c13db9e7e1"
"stage4-run-prompt-queue__20260703_023103_697.txt","","P0_DAILY_QUEUE_RUNNER","PASS_NO_COMPILE_CHECK_REQUIRED","BLOCKED_SHA_MISMATCH","BLOCKED_REVIEW_REQUIRED","f06a01a7ddc3d2bbc1a3b6ce04bb43f5bb73cbb06977c6fc8adfacd957a1afb6"
"stage4-run-prompt-queue__20260703_023057_729.txt","","P0_DAILY_QUEUE_RUNNER","PASS_NO_COMPILE_CHECK_REQUIRED","BLOCKED_SHA_MISMATCH","BLOCKED_REVIEW_REQUIRED","f06a01a7ddc3d2bbc1a3b6ce04bb43f5bb73cbb06977c6fc8adfacd957a1afb6"
"stage4-run-prompt-queue__20260703_023051_194.txt","","P0_DAILY_QUEUE_RUNNER","PASS_NO_COMPILE_CHECK_REQUIRED","BLOCKED_SHA_MISMATCH","BLOCKED_REVIEW_REQUIRED","f06a01a7ddc3d2bbc1a3b6ce04bb43f5bb73cbb06977c6fc8adfacd957a1afb6"
"stage4TaeoAutosaveController.js","","P0_DAILY_QUEUE_RUNNER","PASS_NODE_CHECK","BLOCKED_SHA_MISMATCH","BLOCKED_REVIEW_REQUIRED","f133effbdb21a2f938cc69df317c35b60fc88dec2b466d05daf39639c095e87c"
"stage4SequentialPromptSender.js","","P0_DAILY_QUEUE_RUNNER","PASS_NODE_CHECK","BLOCKED_SHA_MISMATCH","BLOCKED_REVIEW_REQUIRED","d424f8edf02041a1cf5a1128d183634861f20624ab9e965beb4676ab94c65918"
"stage4-run-prompt-queue__20260703_040013_017.txt","","P0_DAILY_QUEUE_RUNNER","PASS_NO_COMPILE_CHECK_REQUIRED","BLOCKED_SHA_MISMATCH","BLOCKED_REVIEW_REQUIRED","f06a01a7ddc3d2bbc1a3b6ce04bb43f5bb73cbb06977c6fc8adfacd957a1afb6"
"stage4TaeraResourceQueue.js","","P0_DAILY_QUEUE_RUNNER","PASS_NODE_CHECK","BLOCKED_SHA_MISMATCH","BLOCKED_REVIEW_REQUIRED","fdc93ccb2b9c762d67fa22ca55399a1df7f7c60049f2a9c663e8cd5fe12c8b21"
"stage4TaeoResponseStabilityDetector.js","","P0_DAILY_QUEUE_RUNNER","PASS_NODE_CHECK","BLOCKED_SHA_MISMATCH","BLOCKED_REVIEW_REQUIRED","e7ef0343250dde3bc33473f02156a51f2f54b321406424451213012d7c63007b"
"stage4TaeoRawOutputStore.js","","P0_DAILY_QUEUE_RUNNER","PASS_NODE_CHECK","BLOCKED_SHA_MISMATCH","BLOCKED_REVIEW_REQUIRED","d23ecbbd6768ccb9a9ca8c8b32eb12479575f1821544be1dca755f19c6e359a4"
"stage4-run-prompt-queue__20260703_024728_450.txt","","P0_DAILY_QUEUE_RUNNER","PASS_NO_COMPILE_CHECK_REQUIRED","BLOCKED_SHA_MISMATCH","BLOCKED_REVIEW_REQUIRED","f06a01a7ddc3d2bbc1a3b6ce04bb43f5bb73cbb06977c6fc8adfacd957a1afb6"
"stage4-run-prompt-queue__20260703_023237_208.txt","","P0_DAILY_QUEUE_RUNNER","PASS_NO_COMPILE_CHECK_REQUIRED","BLOCKED_SHA_MISMATCH","BLOCKED_REVIEW_REQUIRED","f06a01a7ddc3d2bbc1a3b6ce04bb43f5bb73cbb06977c6fc8adfacd957a1afb6"
"stage4-run-prompt-queue__20260703_023236_517.txt","","P0_DAILY_QUEUE_RUNNER","PASS_NO_COMPILE_CHECK_REQUIRED","BLOCKED_SHA_MISMATCH","BLOCKED_REVIEW_REQUIRED","f06a01a7ddc3d2bbc1a3b6ce04bb43f5bb73cbb06977c6fc8adfacd957a1afb6"
"stage4-run-prompt-queue__20260703_023235_791.txt","","P0_DAILY_QUEUE_RUNNER","PASS_NO_COMPILE_CHECK_REQUIRED","BLOCKED_SHA_MISMATCH","BLOCKED_REVIEW_REQUIRED","f06a01a7ddc3d2bbc1a3b6ce04bb43f5bb73cbb06977c6fc8adfacd957a1afb6"
"stage4-run-prompt-queue__20260703_023239_378.txt","","P0_DAILY_QUEUE_RUNNER","PASS_NO_COMPILE_CHECK_REQUIRED","BLOCKED_SHA_MISMATCH","BLOCKED_REVIEW_REQUIRED","f06a01a7ddc3d2bbc1a3b6ce04bb43f5bb73cbb06977c6fc8adfacd957a1afb6"
"stage4-run-prompt-queue__20260703_023238_661.txt","","P0_DAILY_QUEUE_RUNNER","PASS_NO_COMPILE_CHECK_REQUIRED","BLOCKED_SHA_MISMATCH","BLOCKED_REVIEW_REQUIRED","f06a01a7ddc3d2bbc1a3b6ce04bb43f5bb73cbb06977c6fc8adfacd957a1afb6"
"stage4-run-prompt-queue__20260703_023237_882.txt","","P0_DAILY_QUEUE_RUNNER","PASS_NO_COMPILE_CHECK_REQUIRED","BLOCKED_SHA_MISMATCH","BLOCKED_REVIEW_REQUIRED","f06a01a7ddc3d2bbc1a3b6ce04bb43f5bb73cbb06977c6fc8adfacd957a1afb6"
"promptQueueManager.js","","P0_DAILY_QUEUE_RUNNER","PASS_NODE_CHECK","BLOCKED_SHA_MISMATCH","BLOCKED_REVIEW_REQUIRED","453ae326ddcc28872e89b658bab66ec80f7ecbcfb57ccad4e4fe631f479eacf1"
"promptPackageVersionManager.js","","P0_DAILY_QUEUE_RUNNER","PASS_NODE_CHECK","BLOCKED_SHA_MISMATCH","BLOCKED_REVIEW_REQUIRED","d9afbca9005a143923aa170f482af3dc200c5cd71198e3a82c5cd477c26e3643"
"promptPackageVersionManager.js","","P0_DAILY_QUEUE_RUNNER","PASS_NODE_CHECK","BLOCKED_SHA_MISMATCH","BLOCKED_REVIEW_REQUIRED","d69651c71d2b9f5da7391653a8687120123738dfa15ccb42eb410aace8a30354"
"sequentialPromptSender.js","","P0_DAILY_QUEUE_RUNNER","PASS_NODE_CHECK","BLOCKED_SHA_MISMATCH","BLOCKED_REVIEW_REQUIRED","a4839486e52721743f837230caf97645e4456953931578cb428dc2f8a09dcb28"
"promptQueueManager.js","","P0_DAILY_QUEUE_RUNNER","PASS_NODE_CHECK","BLOCKED_SHA_MISMATCH","BLOCKED_REVIEW_REQUIRED","5b5a5fd7d4c6121effe4433eeecff2c0973d5a26bee6cb00e2e3a164905d9bd9"
"promptQueueManager.js","","P0_DAILY_QUEUE_RUNNER","PASS_NODE_CHECK","BLOCKED_SHA_MISMATCH","BLOCKED_REVIEW_REQUIRED","453ae326ddcc28872e89b658bab66ec80f7ecbcfb57ccad4e4fe631f479eacf1"
"promptPackageVersionManager.js","","P0_DAILY_QUEUE_RUNNER","PASS_NODE_CHECK","BLOCKED_SHA_MISMATCH","BLOCKED_REVIEW_REQUIRED","d9afbca9005a143923aa170f482af3dc200c5cd71198e3a82c5cd477c26e3643"
"DONE_LIGHT_REPORT_GENERATOR_PROMPT.txt","","P0_DAILY_QUEUE_RUNNER","PASS_NO_COMPILE_CHECK_REQUIRED","BLOCKED_SHA_MISMATCH","BLOCKED_REVIEW_REQUIRED","eded8f96bf9b182a637a70306554d53a2ee5725a700db589a429304855745b91"
"DONE_LIGHT_REPORT_GENERATOR_PROMPT.txt","","P0_DAILY_QUEUE_RUNNER","PASS_NO_COMPILE_CHECK_REQUIRED","BLOCKED_SHA_MISMATCH","BLOCKED_REVIEW_REQUIRED","eded8f96bf9b182a637a70306554d53a2ee5725a700db589a429304855745b91"
"DONE_LIGHT_REPORT_GENERATOR_PROMPT.txt","","P0_DAILY_QUEUE_RUNNER","PASS_NO_COMPILE_CHECK_REQUIRED","BLOCKED_SHA_MISMATCH","BLOCKED_REVIEW_REQUIRED","eded8f96bf9b182a637a70306554d53a2ee5725a700db589a429304855745b91"
"greenOutputAssemblyQueue.js","","P0_DAILY_QUEUE_RUNNER","PASS_NODE_CHECK","BLOCKED_SHA_MISMATCH","BLOCKED_REVIEW_REQUIRED","5869b5f127038e8e21becabd9c61faaf5fc630595a73bb26a8092b7df318477e"
"greenOutputAssemblyQueue.js","","P0_DAILY_QUEUE_RUNNER","PASS_NODE_CHECK","BLOCKED_SHA_MISMATCH","BLOCKED_REVIEW_REQUIRED","5869b5f127038e8e21becabd9c61faaf5fc630595a73bb26a8092b7df318477e"
"greenOutputAssemblyQueue.js","","P0_DAILY_QUEUE_RUNNER","PASS_NODE_CHECK","BLOCKED_SHA_MISMATCH","BLOCKED_REVIEW_REQUIRED","5869b5f127038e8e21becabd9c61faaf5fc630595a73bb26a8092b7df318477e"
"stage4PromptPackageModel.js","","P0_DAILY_QUEUE_RUNNER","PASS_NODE_CHECK","BLOCKED_SHA_MISMATCH","BLOCKED_REVIEW_REQUIRED","0b8c62236d1fc45e9c24bbd9a36d777f9d7125ac7d18b4e59a23382918f29628"
"stage4PromptPackageModel.js","","P0_DAILY_QUEUE_RUNNER","PASS_NODE_CHECK","BLOCKED_SHA_MISMATCH","BLOCKED_REVIEW_REQUIRED","0b8c62236d1fc45e9c24bbd9a36d777f9d7125ac7d18b4e59a23382918f29628"
"stage4PromptLibraryModel.js","","P0_DAILY_QUEUE_RUNNER","PASS_NODE_CHECK","BLOCKED_SHA_MISMATCH","BLOCKED_REVIEW_REQUIRED","adeddca649d97ceebfa675c1760a95893e3a234779a2a4989306a7aaeae15531"
"stage4PromptQueueModel.js","","P0_DAILY_QUEUE_RUNNER","PASS_NODE_CHECK","BLOCKED_SHA_MISMATCH","BLOCKED_REVIEW_REQUIRED","f9a4dc48f76298716d3ff96cf4af07fb8f8f294752de5ea4493b3b3832fd5def"
"stage4PromptPauseResumeController.js","","P0_DAILY_QUEUE_RUNNER","PASS_NODE_CHECK","BLOCKED_SHA_MISMATCH","BLOCKED_REVIEW_REQUIRED","aab263b475e65d99e1531866073f9712fc2f940c1fbfbff31a66e17d091af3cd"
"stage4PromptPackageModel.js","","P0_DAILY_QUEUE_RUNNER","PASS_NODE_CHECK","BLOCKED_SHA_MISMATCH","BLOCKED_REVIEW_REQUIRED","0b8c62236d1fc45e9c24bbd9a36d777f9d7125ac7d18b4e59a23382918f29628"
"stage4PromptLibraryModel.js","","P0_DAILY_QUEUE_RUNNER","PASS_NODE_CHECK","BLOCKED_SHA_MISMATCH","BLOCKED_REVIEW_REQUIRED","adeddca649d97ceebfa675c1760a95893e3a234779a2a4989306a7aaeae15531"
"stage4LaoValidationQueueModel.js","","P0_DAILY_QUEUE_RUNNER","PASS_NODE_CHECK","BLOCKED_SHA_MISMATCH","BLOCKED_REVIEW_REQUIRED","c3bf743554bb895fc9731c836e174c993a979d8fe8449d4d464472d6056df211"
"stage4InstructionFileSeparator.js","","P0_DAILY_QUEUE_RUNNER","PASS_NODE_CHECK","BLOCKED_SHA_MISMATCH","BLOCKED_REVIEW_REQUIRED","b5cbbcf73f101d00e044f68f6f1352aa87a9911b76257d5317da0348b6c1cc94"
"STAGE4_W02_PROMPT_QUEUE_SEQUENTIAL_SEND_SPEC.md","","P0_DAILY_QUEUE_RUNNER","PASS_NO_COMPILE_CHECK_REQUIRED","BLOCKED_SHA_MISMATCH","BLOCKED_REVIEW_REQUIRED","f2916bea4366343f7509d2e0f2ae944c47e4c0d7d20e169d817f6f1300f436be"
"stage4PromptLibraryModel.js","","P0_DAILY_QUEUE_RUNNER","PASS_NODE_CHECK","BLOCKED_SHA_MISMATCH","BLOCKED_REVIEW_REQUIRED","adeddca649d97ceebfa675c1760a95893e3a234779a2a4989306a7aaeae15531"
"stage4PromptCompletionDetector.js","","P0_DAILY_QUEUE_RUNNER","PASS_NODE_CHECK","BLOCKED_SHA_MISMATCH","BLOCKED_REVIEW_REQUIRED","9332e61e5cdbc3cc467d46c84ddb95e317935c3e5f1c7298066ac7634b158ddd"
"stage4PromptAutomationDashboard.js","","P0_DAILY_QUEUE_RUNNER","PASS_NODE_CHECK","BLOCKED_SHA_MISMATCH","BLOCKED_REVIEW_REQUIRED","5e59814d42b711db4c41f17fcaca4accca47a51865d094135f614fbdedc1b25b"
"WORKER_01__FULL_OUTPUT__20260701_034620_549.json","","P0_GPT_BROWSER_BRIDGE","PASS_JSON_PARSE","BLOCKED_SHA_MISMATCH","BLOCKED_REVIEW_REQUIRED","97154e6ee12dd9ee21c21c85b6d6bc6df4202aa900474eee1d843661133eafa0"
"WORKER_01__FULL_OUTPUT__20260701_034620_549.json","","P0_GPT_BROWSER_BRIDGE","PASS_JSON_PARSE","BLOCKED_SHA_MISMATCH","BLOCKED_REVIEW_REQUIRED","97154e6ee12dd9ee21c21c85b6d6bc6df4202aa900474eee1d843661133eafa0"
"WORKER_01__FULL_OUTPUT__20260701_034620_549.json","","P0_GPT_BROWSER_BRIDGE","PASS_JSON_PARSE","BLOCKED_SHA_MISMATCH","BLOCKED_REVIEW_REQUIRED","97154e6ee12dd9ee21c21c85b6d6bc6df4202aa900474eee1d843661133eafa0"
"WORKER_01__FULL_OUTPUT__20260701_034620_549.json","","P0_GPT_BROWSER_BRIDGE","PASS_JSON_PARSE","BLOCKED_SHA_MISMATCH","BLOCKED_REVIEW_REQUIRED","97154e6ee12dd9ee21c21c85b6d6bc6df4202aa900474eee1d843661133eafa0"
"WORKER_01__FULL_OUTPUT__20260701_034620_549.json","","P0_GPT_BROWSER_BRIDGE","PASS_JSON_PARSE","BLOCKED_SHA_MISMATCH","BLOCKED_REVIEW_REQUIRED","97154e6ee12dd9ee21c21c85b6d6bc6df4202aa900474eee1d843661133eafa0"
"WORKER_01__FULL_OUTPUT__20260701_034620_549.json","","P0_GPT_BROWSER_BRIDGE","PASS_JSON_PARSE","BLOCKED_SHA_MISMATCH","BLOCKED_REVIEW_REQUIRED","97154e6ee12dd9ee21c21c85b6d6bc6df4202aa900474eee1d843661133eafa0"
"WORKER_01__FULL_OUTPUT__20260701_034610_267.json","","P0_GPT_BROWSER_BRIDGE","PASS_JSON_PARSE","BLOCKED_SHA_MISMATCH","BLOCKED_REVIEW_REQUIRED","4b0dbccabdc59f58671bcd802e8599d4b4eb2b292fcf14ce9e8265e353d83590"
"WORKER_01__FULL_OUTPUT__20260701_034610_267.json","","P0_GPT_BROWSER_BRIDGE","PASS_JSON_PARSE","BLOCKED_SHA_MISMATCH","BLOCKED_REVIEW_REQUIRED","4b0dbccabdc59f58671bcd802e8599d4b4eb2b292fcf14ce9e8265e353d83590"
"WORKER_01__FULL_OUTPUT__20260701_034610_267.json","","P0_GPT_BROWSER_BRIDGE","PASS_JSON_PARSE","BLOCKED_SHA_MISMATCH","BLOCKED_REVIEW_REQUIRED","4b0dbccabdc59f58671bcd802e8599d4b4eb2b292fcf14ce9e8265e353d83590"
"WORKER_01__FULL_OUTPUT__20260701_034620_549.json","","P0_GPT_BROWSER_BRIDGE","PASS_JSON_PARSE","BLOCKED_SHA_MISMATCH","BLOCKED_REVIEW_REQUIRED","97154e6ee12dd9ee21c21c85b6d6bc6df4202aa900474eee1d843661133eafa0"
"WORKER_01__FULL_OUTPUT__20260701_034610_267.json","","P0_GPT_BROWSER_BRIDGE","PASS_JSON_PARSE","BLOCKED_SHA_MISMATCH","BLOCKED_REVIEW_REQUIRED","4b0dbccabdc59f58671bcd802e8599d4b4eb2b292fcf14ce9e8265e353d83590"
"WORKER_01__FULL_OUTPUT__20260701_034620_549.json","","P0_GPT_BROWSER_BRIDGE","PASS_JSON_PARSE","BLOCKED_SHA_MISMATCH","BLOCKED_REVIEW_REQUIRED","97154e6ee12dd9ee21c21c85b6d6bc6df4202aa900474eee1d843661133eafa0"
"WORKER_01__FULL_OUTPUT__20260701_034620_549.json","","P0_GPT_BROWSER_BRIDGE","PASS_JSON_PARSE","BLOCKED_SHA_MISMATCH","BLOCKED_REVIEW_REQUIRED","97154e6ee12dd9ee21c21c85b6d6bc6df4202aa900474eee1d843661133eafa0"
"WORKER_01__FULL_OUTPUT__20260701_034620_549.json","","P0_GPT_BROWSER_BRIDGE","PASS_JSON_PARSE","BLOCKED_SHA_MISMATCH","BLOCKED_REVIEW_REQUIRED","97154e6ee12dd9ee21c21c85b6d6bc6df4202aa900474eee1d843661133eafa0"
"WORKER_01__FULL_OUTPUT__20260701_034620_549.json","","P0_GPT_BROWSER_BRIDGE","PASS_JSON_PARSE","BLOCKED_SHA_MISMATCH","BLOCKED_REVIEW_REQUIRED","97154e6ee12dd9ee21c21c85b6d6bc6df4202aa900474eee1d843661133eafa0"
"WORKER_DATE_FOLDER_RULE_PROMPT_SNIPPET_v1.txt","","P0_GPT_BROWSER_BRIDGE","PASS_NO_COMPILE_CHECK_REQUIRED","BLOCKED_SHA_MISMATCH","BLOCKED_REVIEW_REQUIRED","2afae17c7af22e38d004e5d786f5fac2f1699513851df9288990452858886c79"
"WORKER_01__FULL_OUTPUT__20260701_034620_549.json","","P0_GPT_BROWSER_BRIDGE","PASS_JSON_PARSE","BLOCKED_SHA_MISMATCH","BLOCKED_REVIEW_REQUIRED","97154e6ee12dd9ee21c21c85b6d6bc6df4202aa900474eee1d843661133eafa0"
"WORKER_01__FULL_OUTPUT__20260701_034620_549.json","","P0_GPT_BROWSER_BRIDGE","PASS_JSON_PARSE","BLOCKED_SHA_MISMATCH","BLOCKED_REVIEW_REQUIRED","97154e6ee12dd9ee21c21c85b6d6bc6df4202aa900474eee1d843661133eafa0"
"WORKER_01__FULL_OUTPUT__20260701_034620_549.json","","P0_GPT_BROWSER_BRIDGE","PASS_JSON_PARSE","BLOCKED_SHA_MISMATCH","BLOCKED_REVIEW_REQUIRED","97154e6ee12dd9ee21c21c85b6d6bc6df4202aa900474eee1d843661133eafa0"
"WORKER_01__FULL_OUTPUT__20260701_034620_549.json","","P0_GPT_BROWSER_BRIDGE","PASS_JSON_PARSE","BLOCKED_SHA_MISMATCH","BLOCKED_REVIEW_REQUIRED","97154e6ee12dd9ee21c21c85b6d6bc6df4202aa900474eee1d843661133eafa0"
"WORKER_01__FULL_OUTPUT__20260701_034620_549.json","","P0_GPT_BROWSER_BRIDGE","PASS_JSON_PARSE","BLOCKED_SHA_MISMATCH","BLOCKED_REVIEW_REQUIRED","97154e6ee12dd9ee21c21c85b6d6bc6df4202aa900474eee1d843661133eafa0"
"WORKER_01__FULL_OUTPUT__20260701_034620_549.json","","P0_GPT_BROWSER_BRIDGE","PASS_JSON_PARSE","BLOCKED_SHA_MISMATCH","BLOCKED_REVIEW_REQUIRED","97154e6ee12dd9ee21c21c85b6d6bc6df4202aa900474eee1d843661133eafa0"
"WORKER_01__FULL_OUTPUT__20260701_034620_549.json","","P0_GPT_BROWSER_BRIDGE","PASS_JSON_PARSE","BLOCKED_SHA_MISMATCH","BLOCKED_REVIEW_REQUIRED","97154e6ee12dd9ee21c21c85b6d6bc6df4202aa900474eee1d843661133eafa0"
"W60_R13F_I_RENDERER_IDENTITY_SUMMARY_SELECTOR_HOTFIX_APPLY.js","","P0_GPT_BROWSER_BRIDGE","PASS_NODE_CHECK","BLOCKED_SHA_MISMATCH","BLOCKED_REVIEW_REQUIRED","82193d98511ad1cc55679b1fcbb1cc0e8b2b5b6082b4a2abd78cb728bb0f4b0c"
"stage4HardWindowControl.js","","P0_GPT_BROWSER_BRIDGE","PASS_NODE_CHECK","BLOCKED_SHA_MISMATCH","BLOCKED_REVIEW_REQUIRED","bb8303c060cabfda2fa851e2f5ace7967040ae2e89334d2d3a8e4f5c518ea2ff"
"windowManager.js","","P0_GPT_BROWSER_BRIDGE","PASS_NODE_CHECK","BLOCKED_SHA_MISMATCH","BLOCKED_REVIEW_REQUIRED","b30706181d3f3d5a26a1103a2bd5f9845294c257ceb83553170f96b52386fd56"
"WORKER_01__FULL_OUTPUT__20260701_034610_267.json","","P0_GPT_BROWSER_BRIDGE","PASS_JSON_PARSE","BLOCKED_SHA_MISMATCH","BLOCKED_REVIEW_REQUIRED","4b0dbccabdc59f58671bcd802e8599d4b4eb2b292fcf14ce9e8265e353d83590"
"WORKER_01__FULL_OUTPUT__20260701_034610_267.json","","P0_GPT_BROWSER_BRIDGE","PASS_JSON_PARSE","BLOCKED_SHA_MISMATCH","BLOCKED_REVIEW_REQUIRED","4b0dbccabdc59f58671bcd802e8599d4b4eb2b292fcf14ce9e8265e353d83590"
"stage4HardWindowControl.js","","P0_GPT_BROWSER_BRIDGE","PASS_NODE_CHECK","BLOCKED_SHA_MISMATCH","BLOCKED_REVIEW_REQUIRED","f64bc1c7d3d97ab1a344cb65743dcf72efe619ec9d06e72f27ef23f0248f2c7d"
"README_CONSTITUTION_PACKAGE.md","","P0_GPT_BROWSER_BRIDGE","PASS_NO_COMPILE_CHECK_REQUIRED","BLOCKED_SHA_MISMATCH","BLOCKED_REVIEW_REQUIRED","04602df50bd1c0d9b7a55ef6b7629f21d6f59adbcd78989e91371917148b7f6c"
"NEW_COMMANDER_START_PROMPT_v1.txt","","P0_GPT_BROWSER_BRIDGE","PASS_NO_COMPILE_CHECK_REQUIRED","BLOCKED_SHA_MISMATCH","BLOCKED_REVIEW_REQUIRED","002daeb0ac13b8dc0fef25c1b358ed7f3a427910afdf241826970c504ef0d268"
"self_apply.js","","P0_GPT_BROWSER_BRIDGE","PASS_NODE_CHECK","BLOCKED_SHA_MISMATCH","BLOCKED_REVIEW_REQUIRED","82193d98511ad1cc55679b1fcbb1cc0e8b2b5b6082b4a2abd78cb728bb0f4b0c"
"stage4HardWindowControl.js","","P0_GPT_BROWSER_BRIDGE","PASS_NODE_CHECK","BLOCKED_SHA_MISMATCH","BLOCKED_REVIEW_REQUIRED","f64bc1c7d3d97ab1a344cb65743dcf72efe619ec9d06e72f27ef23f0248f2c7d"
"STAGE4_35_FILE_EXPECTED_INVENTORY.json","","P0_GPT_BROWSER_BRIDGE","PASS_JSON_PARSE","BLOCKED_SHA_MISMATCH","BLOCKED_REVIEW_REQUIRED","9de0059f032d497ce7993a11e00c680b5b1a3f9080adae5c2842a78fb2d75dc7"
"WORKER_01__FULL_OUTPUT__20260701_034610_267.json","","P0_GPT_BROWSER_BRIDGE","PASS_JSON_PARSE","BLOCKED_SHA_MISMATCH","BLOCKED_REVIEW_REQUIRED","4b0dbccabdc59f58671bcd802e8599d4b4eb2b292fcf14ce9e8265e353d83590"
"WORKER_01__FULL_OUTPUT__20260701_034610_267.json","","P0_GPT_BROWSER_BRIDGE","PASS_JSON_PARSE","BLOCKED_SHA_MISMATCH","BLOCKED_REVIEW_REQUIRED","4b0dbccabdc59f58671bcd802e8599d4b4eb2b292fcf14ce9e8265e353d83590"
"WORKER_01__FULL_OUTPUT__20260701_034610_267.json","","P0_GPT_BROWSER_BRIDGE","PASS_JSON_PARSE","BLOCKED_SHA_MISMATCH","BLOCKED_REVIEW_REQUIRED","4b0dbccabdc59f58671bcd802e8599d4b4eb2b292fcf14ce9e8265e353d83590"
"WORKER_01__FULL_OUTPUT__20260701_034610_267.json","","P0_GPT_BROWSER_BRIDGE","PASS_JSON_PARSE","BLOCKED_SHA_MISMATCH","BLOCKED_REVIEW_REQUIRED","4b0dbccabdc59f58671bcd802e8599d4b4eb2b292fcf14ce9e8265e353d83590"
"WORKER_01__FULL_OUTPUT__20260701_034610_267.json","","P0_GPT_BROWSER_BRIDGE","PASS_JSON_PARSE","BLOCKED_SHA_MISMATCH","BLOCKED_REVIEW_REQUIRED","4b0dbccabdc59f58671bcd802e8599d4b4eb2b292fcf14ce9e8265e353d83590"
"WORKER_01__FULL_OUTPUT__20260701_034610_267.json","","P0_GPT_BROWSER_BRIDGE","PASS_JSON_PARSE","BLOCKED_SHA_MISMATCH","BLOCKED_REVIEW_REQUIRED","4b0dbccabdc59f58671bcd802e8599d4b4eb2b292fcf14ce9e8265e353d83590"
"WORKER_01__FULL_OUTPUT__20260701_034610_267.json","","P0_GPT_BROWSER_BRIDGE","PASS_JSON_PARSE","BLOCKED_SHA_MISMATCH","BLOCKED_REVIEW_REQUIRED","4b0dbccabdc59f58671bcd802e8599d4b4eb2b292fcf14ce9e8265e353d83590"
"WORKER_01__FULL_OUTPUT__20260701_034610_267.json","","P0_GPT_BROWSER_BRIDGE","PASS_JSON_PARSE","BLOCKED_SHA_MISMATCH","BLOCKED_REVIEW_REQUIRED","4b0dbccabdc59f58671bcd802e8599d4b4eb2b292fcf14ce9e8265e353d83590"
"WORKER_01__FULL_OUTPUT__20260701_034610_267.json","","P0_GPT_BROWSER_BRIDGE","PASS_JSON_PARSE","BLOCKED_SHA_MISMATCH","BLOCKED_REVIEW_REQUIRED","4b0dbccabdc59f58671bcd802e8599d4b4eb2b292fcf14ce9e8265e353d83590"
"WORKER_01__FULL_OUTPUT__20260701_034610_267.json","","P0_GPT_BROWSER_BRIDGE","PASS_JSON_PARSE","BLOCKED_SHA_MISMATCH","BLOCKED_REVIEW_REQUIRED","4b0dbccabdc59f58671bcd802e8599d4b4eb2b292fcf14ce9e8265e353d83590"
"WORKER_01__FULL_OUTPUT__20260701_034610_267.json","","P0_GPT_BROWSER_BRIDGE","PASS_JSON_PARSE","BLOCKED_SHA_MISMATCH","BLOCKED_REVIEW_REQUIRED","4b0dbccabdc59f58671bcd802e8599d4b4eb2b292fcf14ce9e8265e353d83590"
"WORKER_01__FULL_OUTPUT__20260701_034610_267.json","","P0_GPT_BROWSER_BRIDGE","PASS_JSON_PARSE","BLOCKED_SHA_MISMATCH","BLOCKED_REVIEW_REQUIRED","4b0dbccabdc59f58671bcd802e8599d4b4eb2b292fcf14ce9e8265e353d83590"
"stage4-collect-worker-output__20260703_024721_686.json","","P0_PC_AGENT_ROUTING_CORE","PASS_JSON_PARSE","BLOCKED_SHA_MISMATCH","BLOCKED_REVIEW_REQUIRED","ce90d897f4ce3b874b7972053b2febcca1758e326fee33c3679f4edca379464c"
"WORKER_03__src_core_promptBuilder.js","","P0_PC_AGENT_ROUTING_CORE","FAIL_NODE_CHECK","BLOCKED_STATIC_CHECK","BLOCKED_REVIEW_REQUIRED","07686e6ab45f2aa1b377a584e0eeaee690502a3134df4f04d61215050a948f07"
"STAGE4_W07_NEXT_COMMANDER_HANDOFF_TEMPLATE.md","","P0_PC_AGENT_ROUTING_CORE","PASS_NO_COMPILE_CHECK_REQUIRED","BLOCKED_SHA_MISMATCH","BLOCKED_REVIEW_REQUIRED","9f3db0adf8f7a8e1321d906b914b765658f9521f7589b46663f0bc924ac6e6a9"
"STAGE3_PROJECT_BACKUP_AND_RESTORE_REQUIREMENTS_DRAFT.json","","P0_PC_AGENT_ROUTING_CORE","PASS_JSON_PARSE","BLOCKED_SHA_MISMATCH","BLOCKED_REVIEW_REQUIRED","2fd5146a94a4b2fd0a8e4e702e6128a66f11397872a9e51eed45f7bad901da94"
"STAGE3_PROJECT_BACKUP_AND_RESTORE_REQUIREMENTS_DRAFT.json","","P0_PC_AGENT_ROUTING_CORE","PASS_JSON_PARSE","BLOCKED_SHA_MISMATCH","BLOCKED_REVIEW_REQUIRED","2fd5146a94a4b2fd0a8e4e702e6128a66f11397872a9e51eed45f7bad901da94"
