"kind","file_name","relative_path","extension","sha256","status","exit_code","message"
"runtime","buttonHandlers.js","gpt_browser_bridge/buttonHandlers.js",".js","d69be4e9afcc5864af7e1b38529b98c57064a2aa96b23883dea32e112c03343b","PASS_NODE_CHECK","0",""
"runtime","diagnostics.js","gpt_browser_bridge/diagnostics.js",".js","8aff7147a926623668d25bae5c8f9081a5c7552c8dc0d64eea8b15ce8b20d89e","PASS_NODE_CHECK","0",""
"runtime","fileNameSafe.js","gpt_browser_bridge/fileNameSafe.js",".js","e2e55ca1e08a8b96c62d77348b66dccbf3c570cce9a0fa2a78452098609431f5","PASS_NODE_CHECK","0",""
"runtime","stage1SelfCheck.js","gpt_browser_bridge/stage1SelfCheck.js",".js","dde37d7fa1ec956e4bee30d24e3eed1d968380eb905bd4ce4aec60f3ff41ebda","PASS_NODE_CHECK","0",""
"runtime","B2_W12_PREFINAL_VALIDATOR.py","pc_agent/B2_W12_PREFINAL_VALIDATOR.py",".py","371b0480110f4f5766202bdaabf2134617b5dcf1b03c3fa7a59501a14d033792","PASS_PY_COMPILE","0",""
"runtime","event_consumption_store.py","pc_agent/event_consumption_store.py",".py","6ae1df3747b0bf3611fc0bbf904be1ea2033bef415a33e4ec0f4a4cd99207a73","PASS_PY_COMPILE","0",""
"runtime","resource_doctor.py","pc_agent/resource_doctor.py",".py","91f4d5cee4fb08e34a2c75fbb3d41ff8a0b2a583dead63a511283a3b50b15d70","PASS_PY_COMPILE","0",""
"runtime","dailyQueueReader.js","queue/dailyQueueReader.js",".js","76737a6582c93ba4330a8e0e8f4fcc4dc7380585cc265d8f2675c9e20c7c0620","PASS_NODE_CHECK","0",""
"runtime","pythonProcessRunner.js","queue/pythonProcessRunner.js",".js","ab40b61eecaf9731dd8708c5e3e4f090f79b68242901c445610b718f4e53aab0","PASS_NODE_CHECK","0",""
