"kind","path","exists","sha256"
"stable_runtime_source","src\queue\dailyQueueReader.js","True","76737a6582c93ba4330a8e0e8f4fcc4dc7380585cc265d8f2675c9e20c7c0620"
"stable_runtime_source","src\queue\pythonProcessRunner.js","True","ab40b61eecaf9731dd8708c5e3e4f090f79b68242901c445610b718f4e53aab0"
"stable_runtime_source","src\gpt_browser_bridge\buttonHandlers.js","True","d69be4e9afcc5864af7e1b38529b98c57064a2aa96b23883dea32e112c03343b"
"stable_runtime_source","src\gpt_browser_bridge\diagnostics.js","True","8aff7147a926623668d25bae5c8f9081a5c7552c8dc0d64eea8b15ce8b20d89e"
"stable_runtime_source","src\gpt_browser_bridge\fileNameSafe.js","True","e2e55ca1e08a8b96c62d77348b66dccbf3c570cce9a0fa2a78452098609431f5"
"stable_runtime_source","src\gpt_browser_bridge\stage1SelfCheck.js","True","dde37d7fa1ec956e4bee30d24e3eed1d968380eb905bd4ce4aec60f3ff41ebda"
"stable_runtime_source","src\pc_agent_routing\B2_W12_PREFINAL_VALIDATOR.py","True","371b0480110f4f5766202bdaabf2134617b5dcf1b03c3fa7a59501a14d033792"
"stable_runtime_source","src\pc_agent_routing\event_consumption_store.py","True","6ae1df3747b0bf3611fc0bbf904be1ea2033bef415a33e4ec0f4a4cd99207a73"
"stable_runtime_source","src\pc_agent_routing\resource_doctor.py","True","91f4d5cee4fb08e34a2c75fbb3d41ff8a0b2a583dead63a511283a3b50b15d70"
"pipeline_contract_or_example","src\runtime_pipeline\SOURCE_FACTORY_RUNTIME_PIPELINE_CONTRACT_V1.json","True","4366e5eba1b5403d4619a5fb8fd1345044eca10f9a5150dd9ace0128d1b2c406"
"pipeline_contract_or_example","src\runtime_pipeline\sourceFactoryRuntimePipelineRegistry.js","True","a63c30dd7c26a5b0a7fd2f813522c523eb05de6cf8c9e7a8b299b09121ff913f"
"pipeline_contract_or_example","examples\gas_station_portal_pipeline\GAS_STATION_PORTAL_QUEUE_EXAMPLE.json","True","3ab8342403f04729b59e2544b18e5562ee34865ac4561829ef272d69cbbe6a48"
