"kind","decision","source_path","relative_path","promoted_path","source_sha256","promoted_sha256","sha_match"
"runtime","SRC_READY_REVIEW_TO_RUNTIME_IMPORT","E:\YOLLA\source-factory-core\src_candidate\p0_runtime_review_20260731_012842\runtime_candidate\P0_DAILY_QUEUE_RUNNER\76737a6582c9_dailyQueueReader.js","P0_DAILY_QUEUE_RUNNER\76737a6582c9_dailyQueueReader.js","E:\YOLLA\source-factory-core\src\runtime_import\p0_runtime_import_20260731_013239\P0_DAILY_QUEUE_RUNNER\76737a6582c9_dailyQueueReader.js","76737a6582c93ba4330a8e0e8f4fcc4dc7380585cc265d8f2675c9e20c7c0620","76737a6582c93ba4330a8e0e8f4fcc4dc7380585cc265d8f2675c9e20c7c0620","True"
"runtime","SRC_READY_REVIEW_TO_RUNTIME_IMPORT","E:\YOLLA\source-factory-core\src_candidate\p0_runtime_review_20260731_012842\runtime_candidate\P0_DAILY_QUEUE_RUNNER\ab40b61eecaf_pythonProcessRunner.js","P0_DAILY_QUEUE_RUNNER\ab40b61eecaf_pythonProcessRunner.js","E:\YOLLA\source-factory-core\src\runtime_import\p0_runtime_import_20260731_013239\P0_DAILY_QUEUE_RUNNER\ab40b61eecaf_pythonProcessRunner.js","ab40b61eecaf9731dd8708c5e3e4f090f79b68242901c445610b718f4e53aab0","ab40b61eecaf9731dd8708c5e3e4f090f79b68242901c445610b718f4e53aab0","True"
"runtime","SRC_READY_REVIEW_TO_RUNTIME_IMPORT","E:\YOLLA\source-factory-core\src_candidate\p0_runtime_review_20260731_012842\runtime_candidate\P0_GPT_BROWSER_BRIDGE\8aff7147a926_diagnostics.js","P0_GPT_BROWSER_BRIDGE\8aff7147a926_diagnostics.js","E:\YOLLA\source-factory-core\src\runtime_import\p0_runtime_import_20260731_013239\P0_GPT_BROWSER_BRIDGE\8aff7147a926_diagnostics.js","8aff7147a926623668d25bae5c8f9081a5c7552c8dc0d64eea8b15ce8b20d89e","8aff7147a926623668d25bae5c8f9081a5c7552c8dc0d64eea8b15ce8b20d89e","True"
"runtime","SRC_READY_REVIEW_TO_RUNTIME_IMPORT","E:\YOLLA\source-factory-core\src_candidate\p0_runtime_review_20260731_012842\runtime_candidate\P0_GPT_BROWSER_BRIDGE\d69be4e9afcc_buttonHandlers.js","P0_GPT_BROWSER_BRIDGE\d69be4e9afcc_buttonHandlers.js","E:\YOLLA\source-factory-core\src\runtime_import\p0_runtime_import_20260731_013239\P0_GPT_BROWSER_BRIDGE\d69be4e9afcc_buttonHandlers.js","d69be4e9afcc5864af7e1b38529b98c57064a2aa96b23883dea32e112c03343b","d69be4e9afcc5864af7e1b38529b98c57064a2aa96b23883dea32e112c03343b","True"
"runtime","SRC_READY_REVIEW_TO_RUNTIME_IMPORT","E:\YOLLA\source-factory-core\src_candidate\p0_runtime_review_20260731_012842\runtime_candidate\P0_GPT_BROWSER_BRIDGE\dde37d7fa1ec_stage1SelfCheck.js","P0_GPT_BROWSER_BRIDGE\dde37d7fa1ec_stage1SelfCheck.js","E:\YOLLA\source-factory-core\src\runtime_import\p0_runtime_import_20260731_013239\P0_GPT_BROWSER_BRIDGE\dde37d7fa1ec_stage1SelfCheck.js","dde37d7fa1ec956e4bee30d24e3eed1d968380eb905bd4ce4aec60f3ff41ebda","dde37d7fa1ec956e4bee30d24e3eed1d968380eb905bd4ce4aec60f3ff41ebda","True"
"runtime","SRC_READY_REVIEW_TO_RUNTIME_IMPORT","E:\YOLLA\source-factory-core\src_candidate\p0_runtime_review_20260731_012842\runtime_candidate\P0_GPT_BROWSER_BRIDGE\e2e55ca1e08a_fileNameSafe.js","P0_GPT_BROWSER_BRIDGE\e2e55ca1e08a_fileNameSafe.js","E:\YOLLA\source-factory-core\src\runtime_import\p0_runtime_import_20260731_013239\P0_GPT_BROWSER_BRIDGE\e2e55ca1e08a_fileNameSafe.js","e2e55ca1e08a8b96c62d77348b66dccbf3c570cce9a0fa2a78452098609431f5","e2e55ca1e08a8b96c62d77348b66dccbf3c570cce9a0fa2a78452098609431f5","True"
"runtime","SRC_READY_REVIEW_TO_RUNTIME_IMPORT","E:\YOLLA\source-factory-core\src_candidate\p0_runtime_review_20260731_012842\runtime_candidate\P0_PC_AGENT_ROUTING_CORE\371b0480110f_B2_W12_PREFINAL_VALIDATOR.py","P0_PC_AGENT_ROUTING_CORE\371b0480110f_B2_W12_PREFINAL_VALIDATOR.py","E:\YOLLA\source-factory-core\src\runtime_import\p0_runtime_import_20260731_013239\P0_PC_AGENT_ROUTING_CORE\371b0480110f_B2_W12_PREFINAL_VALIDATOR.py","371b0480110f4f5766202bdaabf2134617b5dcf1b03c3fa7a59501a14d033792","371b0480110f4f5766202bdaabf2134617b5dcf1b03c3fa7a59501a14d033792","True"
"runtime","SRC_READY_REVIEW_TO_RUNTIME_IMPORT","E:\YOLLA\source-factory-core\src_candidate\p0_runtime_review_20260731_012842\runtime_candidate\P0_PC_AGENT_ROUTING_CORE\6ae1df3747b0_event_consumption_store.py","P0_PC_AGENT_ROUTING_CORE\6ae1df3747b0_event_consumption_store.py","E:\YOLLA\source-factory-core\src\runtime_import\p0_runtime_import_20260731_013239\P0_PC_AGENT_ROUTING_CORE\6ae1df3747b0_event_consumption_store.py","6ae1df3747b0bf3611fc0bbf904be1ea2033bef415a33e4ec0f4a4cd99207a73","6ae1df3747b0bf3611fc0bbf904be1ea2033bef415a33e4ec0f4a4cd99207a73","True"
"runtime","SRC_READY_REVIEW_TO_RUNTIME_IMPORT","E:\YOLLA\source-factory-core\src_candidate\p0_runtime_review_20260731_012842\runtime_candidate\P0_PC_AGENT_ROUTING_CORE\91f4d5cee4fb_resource_doctor.py","P0_PC_AGENT_ROUTING_CORE\91f4d5cee4fb_resource_doctor.py","E:\YOLLA\source-factory-core\src\runtime_import\p0_runtime_import_20260731_013239\P0_PC_AGENT_ROUTING_CORE\91f4d5cee4fb_resource_doctor.py","91f4d5cee4fb08e34a2c75fbb3d41ff8a0b2a583dead63a511283a3b50b15d70","91f4d5cee4fb08e34a2c75fbb3d41ff8a0b2a583dead63a511283a3b50b15d70","True"
"ops","OPS_READY_REVIEW_TO_OPS_IMPORT","E:\YOLLA\source-factory-core\src_candidate\p0_runtime_review_20260731_012842\ops_candidate\P0_GPT_BROWSER_BRIDGE\3d07ea5055b8_RUN_STAGE1_DIAGNOSTIC.bat","P0_GPT_BROWSER_BRIDGE\3d07ea5055b8_RUN_STAGE1_DIAGNOSTIC.bat","E:\YOLLA\source-factory-core\ops_import\p0_ops_import_20260731_013239\P0_GPT_BROWSER_BRIDGE\3d07ea5055b8_RUN_STAGE1_DIAGNOSTIC.bat","3d07ea5055b87df89b9039d0d3508b828b410b8002b143f201d83fc02c1df470","3d07ea5055b87df89b9039d0d3508b828b410b8002b143f201d83fc02c1df470","True"
"ops","OPS_READY_REVIEW_TO_OPS_IMPORT","E:\YOLLA\source-factory-core\src_candidate\p0_runtime_review_20260731_012842\ops_candidate\P0_GPT_BROWSER_BRIDGE\cb4b65aaf72f_a4-hosted-windows-pc-agent-build-v4.yml","P0_GPT_BROWSER_BRIDGE\cb4b65aaf72f_a4-hosted-windows-pc-agent-build-v4.yml","E:\YOLLA\source-factory-core\ops_import\p0_ops_import_20260731_013239\P0_GPT_BROWSER_BRIDGE\cb4b65aaf72f_a4-hosted-windows-pc-agent-build-v4.yml","cb4b65aaf72f33cb414bff7dc0d1f4788f5ccd2e47250bfdf318982dde3d064e","cb4b65aaf72f33cb414bff7dc0d1f4788f5ccd2e47250bfdf318982dde3d064e","True"
