"file_name","category","source_staged_path","promoted_path","expected_sha256","copied_sha256","sha_match"
"pythonProcessRunner.js","P0_DAILY_QUEUE_RUNNER","_staging\p0_core_import_20260730_174852\source_files\D\SOURCE_FACTORY\assembled\20260701_02_STAGE2\src\core\pythonProcessRunner.js",".\src_import\p0_core_import_v2_20260731_012550\P0_DAILY_QUEUE_RUNNER\ab40b61eecaf_pythonProcessRunner.js","ab40b61eecaf9731dd8708c5e3e4f090f79b68242901c445610b718f4e53aab0","ab40b61eecaf9731dd8708c5e3e4f090f79b68242901c445610b718f4e53aab0","True"
"W01_YOLLA_SCAN_REPLAY_EVIDENCE_LAB_V1_PROMPT.txt","P0_DAILY_QUEUE_RUNNER","_staging\p0_core_import_20260730_174852\source_files\E\YOLLA\repository\out\YOLLA_SITE_SCANNER_WAVE2_W01_W02_W03_PROMPTS\YOLLA_SITE_SCANNER_WAVE2_W01_W02_W03\W01_YOLLA_SCAN_REPLAY_EVIDENCE_LAB_V1_PROMPT.txt",".\src_import\p0_core_import_v2_20260731_012550\P0_DAILY_QUEUE_RUNNER\08eb7d5f6584_W01_YOLLA_SCAN_REPLAY_EVIDENCE_LAB_V1_PROMPT.txt","08eb7d5f6584373f377eb99a75b3579d2fd7835d4ba804c13b2fe81fdf8c90f7","08eb7d5f6584373f377eb99a75b3579d2fd7835d4ba804c13b2fe81fdf8c90f7","True"
"promptBuilder.js","P0_DAILY_QUEUE_RUNNER","_staging\p0_core_import_20260730_174852\source_files\D\SOURCE_FACTORY\assembled\20260701_03_STAGE2_INTEGRATED_backup_before_recreate_20260701_061007\src\core\promptBuilder.js",".\src_import\p0_core_import_v2_20260731_012550\P0_DAILY_QUEUE_RUNNER\b9cd9a2895d0_promptBuilder.js","b9cd9a2895d0a6fc70172875bba25659a59e11753a95b71ff9ab9445db8e08de","b9cd9a2895d0a6fc70172875bba25659a59e11753a95b71ff9ab9445db8e08de","True"
"W04_VERIFIER_FIX_AND_FINAL_INTEGRATION_THIRD_PASS_PROMPT.txt","P0_DAILY_QUEUE_RUNNER","_staging\p0_core_import_20260730_174852\source_files\E\YOLLA\repository\out\W04_VERIFIER_FIX_AND_FINAL_INTEGRATION_THIRD_PASS_PROMPT.txt",".\src_import\p0_core_import_v2_20260731_012550\P0_DAILY_QUEUE_RUNNER\84370ab0eb36_W04_VERIFIER_FIX_AND_FINAL_INTEGRATION_THIRD_PASS_PROMPT.txt","84370ab0eb3675638a447d22ec9de663340710458a96285ff9ff6103cf173e32","84370ab0eb3675638a447d22ec9de663340710458a96285ff9ff6103cf173e32","True"
"W07_YOLLA_ADAPTER_COMPILER_DABANG_REFERENCE_V1_PROMPT.txt","P0_DAILY_QUEUE_RUNNER","_staging\p0_core_import_20260730_174852\source_files\E\YOLLA\repository\out\W07_YOLLA_ADAPTER_COMPILER_DABANG_REFERENCE_V1_PROMPT.txt",".\src_import\p0_core_import_v2_20260731_012550\P0_DAILY_QUEUE_RUNNER\013ad194663b_W07_YOLLA_ADAPTER_COMPILER_DABANG_REFERENCE_V1_PROMPT.txt","013ad194663bc5cecd50b25eea69491db2ccf0698e2e52ec4ee8a3a73f01e9e6","013ad194663bc5cecd50b25eea69491db2ccf0698e2e52ec4ee8a3a73f01e9e6","True"
"W12B_W04_REAL_SITE_MRI_RUN_PROMPT.md","P0_DAILY_QUEUE_RUNNER","_staging\p0_core_import_20260730_174852\source_files\E\YOLLA\repository\work01_w12b_w04_real_site_resume\W12B_W04_REAL_SITE_MRI_RUN_PROMPT.md",".\src_import\p0_core_import_v2_20260731_012550\P0_DAILY_QUEUE_RUNNER\6f4c77b9e2ec_W12B_W04_REAL_SITE_MRI_RUN_PROMPT.md","6f4c77b9e2ec91796d8a9cb9452928b11fa2a537a175e516c17c4e011030013e","6f4c77b9e2ec91796d8a9cb9452928b11fa2a537a175e516c17c4e011030013e","True"
"W03_YOLLA_UI_ROUTE_COVERAGE_EXPLORATION_PLANNER_V1_PROMPT.txt","P0_DAILY_QUEUE_RUNNER","_staging\p0_core_import_20260730_174852\source_files\E\YOLLA\repository\out\YOLLA_SITE_SCANNER_WAVE2_W01_W02_W03_PROMPTS\YOLLA_SITE_SCANNER_WAVE2_W01_W02_W03\W03_YOLLA_UI_ROUTE_COVERAGE_EXPLORATION_PLANNER_V1_PROMPT.txt",".\src_import\p0_core_import_v2_20260731_012550\P0_DAILY_QUEUE_RUNNER\597f9337d83f_W03_YOLLA_UI_ROUTE_COVERAGE_EXPLORATION_PLANNER_V1_PROMPT.txt","597f9337d83fde438c8a842129a5072db49c22a8725233c7e66b03cb2a77f19f","597f9337d83fde438c8a842129a5072db49c22a8725233c7e66b03cb2a77f19f","True"
"W02_PACKAGING_CORRECTION_PROMPT.txt","P0_DAILY_QUEUE_RUNNER","_staging\p0_core_import_20260730_174852\source_files\E\YOLLA\repository\out\YOLLA_SITE_SCANNER_UPSTREAM_CORRECTION_HANDOFF\YOLLA_SITE_SCANNER_UPSTREAM_CORRECTION_HANDOFF\W02_PACKAGING_CORRECTION_PROMPT.txt",".\src_import\p0_core_import_v2_20260731_012550\P0_DAILY_QUEUE_RUNNER\e5eb614541fc_W02_PACKAGING_CORRECTION_PROMPT.txt","e5eb614541fcd8ca40cf9bd0b3a433da5bf4b5d306f88e5306614b4ce20f11df","e5eb614541fcd8ca40cf9bd0b3a433da5bf4b5d306f88e5306614b4ce20f11df","True"
"W02_YOLLA_NETWORK_CONTRACT_DRIFT_ANALYZER_V1_PROMPT.txt","P0_DAILY_QUEUE_RUNNER","_staging\p0_core_import_20260730_174852\source_files\E\YOLLA\repository\out\YOLLA_SITE_SCANNER_WAVE2_W01_W02_W03_PROMPTS\YOLLA_SITE_SCANNER_WAVE2_W01_W02_W03\W02_YOLLA_NETWORK_CONTRACT_DRIFT_ANALYZER_V1_PROMPT.txt",".\src_import\p0_core_import_v2_20260731_012550\P0_DAILY_QUEUE_RUNNER\d717595174a8_W02_YOLLA_NETWORK_CONTRACT_DRIFT_ANALYZER_V1_PROMPT.txt","d717595174a878796f6bb4226b869fe8699a7a7f814297a46865401f4b94ee9f","d717595174a878796f6bb4226b869fe8699a7a7f814297a46865401f4b94ee9f","True"
"W03_PACKAGING_CORRECTION_PROMPT.txt","P0_DAILY_QUEUE_RUNNER","_staging\p0_core_import_20260730_174852\source_files\E\YOLLA\repository\out\YOLLA_SITE_SCANNER_UPSTREAM_CORRECTION_HANDOFF\YOLLA_SITE_SCANNER_UPSTREAM_CORRECTION_HANDOFF\W03_PACKAGING_CORRECTION_PROMPT.txt",".\src_import\p0_core_import_v2_20260731_012550\P0_DAILY_QUEUE_RUNNER\e3a3f910ce2a_W03_PACKAGING_CORRECTION_PROMPT.txt","e3a3f910ce2a1e9d4abbadb84accbf1825e09246e4217dc75cac22b167c92595","e3a3f910ce2a1e9d4abbadb84accbf1825e09246e4217dc75cac22b167c92595","True"
"006_GAS_STATION_PORTAL_EXAMPLES_PROMPT.md","P0_DAILY_QUEUE_RUNNER","_staging\p0_core_import_20260730_174852\source_files\E\YOLLA\source-factory-core\daily_queue\2026-07-30\006_GAS_STATION_PORTAL_EXAMPLES_PROMPT.md",".\src_import\p0_core_import_v2_20260731_012550\P0_DAILY_QUEUE_RUNNER\f1560fac69a3_006_GAS_STATION_PORTAL_EXAMPLES_PROMPT.md","f1560fac69a30ab9638437db90295c1c178afe125ec227c92dea882c50cce8d6","f1560fac69a30ab9638437db90295c1c178afe125ec227c92dea882c50cce8d6","True"
"DAILY_QUEUE_RUNNER_SPEC.md","P0_DAILY_QUEUE_RUNNER","_staging\p0_core_import_20260730_174852\source_files\E\YOLLA\source-factory-core\docs\DAILY_QUEUE_RUNNER_SPEC.md",".\src_import\p0_core_import_v2_20260731_012550\P0_DAILY_QUEUE_RUNNER\5e56af15c763_DAILY_QUEUE_RUNNER_SPEC.md","5e56af15c76383f3b23f4a93ccec3dd57e0cb7ac8d3e0b16745a306312454a4f","5e56af15c76383f3b23f4a93ccec3dd57e0cb7ac8d3e0b16745a306312454a4f","True"
"dailyQueueReader.js","P0_DAILY_QUEUE_RUNNER","_staging\p0_core_import_20260730_174852\source_files\E\YOLLA\source-factory-core\src\queue\dailyQueueReader.js",".\src_import\p0_core_import_v2_20260731_012550\P0_DAILY_QUEUE_RUNNER\76737a6582c9_dailyQueueReader.js","76737a6582c93ba4330a8e0e8f4fcc4dc7380585cc265d8f2675c9e20c7c0620","76737a6582c93ba4330a8e0e8f4fcc4dc7380585cc265d8f2675c9e20c7c0620","True"
"005_STAGE4_LEGACY_SOURCE_ARCHIVE_PROMPT.md","P0_DAILY_QUEUE_RUNNER","_staging\p0_core_import_20260730_174852\source_files\E\YOLLA\source-factory-core\daily_queue\2026-07-30\005_STAGE4_LEGACY_SOURCE_ARCHIVE_PROMPT.md",".\src_import\p0_core_import_v2_20260731_012550\P0_DAILY_QUEUE_RUNNER\68efce0c7447_005_STAGE4_LEGACY_SOURCE_ARCHIVE_PROMPT.md","68efce0c74477b2dd58327982fcf0c20e7a6bea7ec39a213f5c563a306b74434","68efce0c74477b2dd58327982fcf0c20e7a6bea7ec39a213f5c563a306b74434","True"
"000_SOURCE_MIGRATION_DAILY_PLAN.json","P0_DAILY_QUEUE_RUNNER","_staging\p0_core_import_20260730_174852\source_files\E\YOLLA\source-factory-core\daily_queue\2026-07-30\000_SOURCE_MIGRATION_DAILY_PLAN.json",".\src_import\p0_core_import_v2_20260731_012550\P0_DAILY_QUEUE_RUNNER\f4bd263af122_000_SOURCE_MIGRATION_DAILY_PLAN.json","f4bd263af12234a2c6485fccf5ad63e1128c2dd674665adcfdc9299ac8b34bd8","f4bd263af12234a2c6485fccf5ad63e1128c2dd674665adcfdc9299ac8b34bd8","True"
"001_SOURCE_FACTORY_LOCAL_SOURCE_INVENTORY_EXECUTION.md","P0_DAILY_QUEUE_RUNNER","_staging\p0_core_import_20260730_174852\source_files\E\YOLLA\source-factory-core\daily_queue\2026-07-30\001_SOURCE_FACTORY_LOCAL_SOURCE_INVENTORY_EXECUTION.md",".\src_import\p0_core_import_v2_20260731_012550\P0_DAILY_QUEUE_RUNNER\a42dec7d96d2_001_SOURCE_FACTORY_LOCAL_SOURCE_INVENTORY_EXECUTION.md","a42dec7d96d2044f3ef620e93da82637f006ad6a2a1e3e285f87224df3f8a80e","a42dec7d96d2044f3ef620e93da82637f006ad6a2a1e3e285f87224df3f8a80e","True"
"001_SOURCE_FACTORY_LOCAL_SOURCE_INVENTORY_PROMPT.md","P0_DAILY_QUEUE_RUNNER","_staging\p0_core_import_20260730_174852\source_files\E\YOLLA\source-factory-core\daily_queue\2026-07-30\001_SOURCE_FACTORY_LOCAL_SOURCE_INVENTORY_PROMPT.md",".\src_import\p0_core_import_v2_20260731_012550\P0_DAILY_QUEUE_RUNNER\dbdddebae396_001_SOURCE_FACTORY_LOCAL_SOURCE_INVENTORY_PROMPT.md","dbdddebae396e8d747c9e8cc9a1f6ffb34b8afa151ee452a0dd67d2238d88fd7","dbdddebae396e8d747c9e8cc9a1f6ffb34b8afa151ee452a0dd67d2238d88fd7","True"
"STAGE1_INTEGRATION_CHECKLIST.md","P0_GPT_BROWSER_BRIDGE","_staging\p0_core_import_20260730_174852\source_files\D\SOURCE_FACTORY\_ASSEMBLY_RECORDS\2026-07-01\STAGE1_BROWSER_V0_1_RUNTIME_PASS\assembled_files\assembled\20260701_01_STAGE1_BROWSER\STAGE1_INTEGRATION_CHECKLIST.md",".\src_import\p0_core_import_v2_20260731_012550\P0_GPT_BROWSER_BRIDGE\2e231c971a50_STAGE1_INTEGRATION_CHECKLIST.md","2e231c971a5096207ca8bf118b6afd2b53093c0c46f8eedde9815368ce64ffd3","2e231c971a5096207ca8bf118b6afd2b53093c0c46f8eedde9815368ce64ffd3","True"
"stage1SelfCheck.js","P0_GPT_BROWSER_BRIDGE","_staging\p0_core_import_20260730_174852\source_files\D\SOURCE_FACTORY\assembled\20260701_01_STAGE1_BROWSER\src\core\stage1SelfCheck.js",".\src_import\p0_core_import_v2_20260731_012550\P0_GPT_BROWSER_BRIDGE\dde37d7fa1ec_stage1SelfCheck.js","dde37d7fa1ec956e4bee30d24e3eed1d968380eb905bd4ce4aec60f3ff41ebda","dde37d7fa1ec956e4bee30d24e3eed1d968380eb905bd4ce4aec60f3ff41ebda","True"
"SOURCE_EXTRACTION_REPORT.md","P0_GPT_BROWSER_BRIDGE","_staging\p0_core_import_20260730_174852\source_files\D\SOURCE_FACTORY\assembled\20260701_01_STAGE1_BROWSER\_ASSEMBLY_REPORTS\SOURCE_EXTRACTION_REPORT.md",".\src_import\p0_core_import_v2_20260731_012550\P0_GPT_BROWSER_BRIDGE\f2822066cec8_SOURCE_EXTRACTION_REPORT.md","f2822066cec8589331342a5727f9f03b24e2c4b52005f3012da743aa17f7b578","f2822066cec8589331342a5727f9f03b24e2c4b52005f3012da743aa17f7b578","True"
"W01_YOLLA_SCAN_REPLAY_EVIDENCE_LAB_V1_PROMPT.txt","P0_GPT_BROWSER_BRIDGE","_staging\p0_core_import_20260730_174852\source_files\E\YOLLA\worktrees\a4-windows-build-v4\out\YOLLA_SITE_SCANNER_WAVE2_W01_W02_W03_PROMPTS\YOLLA_SITE_SCANNER_WAVE2_W01_W02_W03\W01_YOLLA_SCAN_REPLAY_EVIDENCE_LAB_V1_PROMPT.txt",".\src_import\p0_core_import_v2_20260731_012550\P0_GPT_BROWSER_BRIDGE\08eb7d5f6584_W01_YOLLA_SCAN_REPLAY_EVIDENCE_LAB_V1_PROMPT.txt","08eb7d5f6584373f377eb99a75b3579d2fd7835d4ba804c13b2fe81fdf8c90f7","08eb7d5f6584373f377eb99a75b3579d2fd7835d4ba804c13b2fe81fdf8c90f7","True"
"W12_YOLLA_DATA_COMMANDER_ORCHESTRATOR_V1_PROMPT.txt","P0_GPT_BROWSER_BRIDGE","_staging\p0_core_import_20260730_174852\source_files\E\YOLLA\worktrees\a4-windows-build-v4\out\YOLLA_W11_W12_W13_PARALLEL_WORKER_PACKAGE\YOLLA_W11_W12_W13_PARALLEL_WORKER_PACKAGE\W12_YOLLA_DATA_COMMANDER_ORCHESTRATOR_V1_PROMPT.txt",".\src_import\p0_core_import_v2_20260731_012550\P0_GPT_BROWSER_BRIDGE\2618718b5c6d_W12_YOLLA_DATA_COMMANDER_ORCHESTRATOR_V1_PROMPT.txt","2618718b5c6de454e6b34de015704c011c6a8fc7eaa01296ba130f7a8a69e483","2618718b5c6de454e6b34de015704c011c6a8fc7eaa01296ba130f7a8a69e483","True"
"W04_YOLLA_SITE_SCANNER_SEMANTIC_ADAPTER_PROMPT.txt","P0_GPT_BROWSER_BRIDGE","_staging\p0_core_import_20260730_174852\source_files\E\YOLLA\worktrees\a4-windows-build-v4\out\YOLLA_SITE_SCANNER_V1_WORKER_PACKAGE\W04_YOLLA_SITE_SCANNER_SEMANTIC_ADAPTER_PROMPT.txt",".\src_import\p0_core_import_v2_20260731_012550\P0_GPT_BROWSER_BRIDGE\50a8820e5307_W04_YOLLA_SITE_SCANNER_SEMANTIC_ADAPTER_PROMPT.txt","50a8820e5307e8ef31a89cb66a23f8119f816d46d72cde2b5665b33c6b117563","50a8820e5307e8ef31a89cb66a23f8119f816d46d72cde2b5665b33c6b117563","True"
"WKR004_INSTALL_RESTART_ROLLBACK_EXECUTOR_PASS.json","P0_GPT_BROWSER_BRIDGE","_staging\p0_core_import_20260730_174852\source_files\E\YOLLA\worktrees\a4-windows-build-v4\s1\ship-now\wkr-004-install-restart\events\WKR004_INSTALL_RESTART_ROLLBACK_EXECUTOR_PASS.json",".\src_import\p0_core_import_v2_20260731_012550\P0_GPT_BROWSER_BRIDGE\b855f43a873c_WKR004_INSTALL_RESTART_ROLLBACK_EXECUTOR_PASS.json","b855f43a873c71fe7b61a0311ad4b19a0a56f0bae5f99c5e35c8baf32c560325","b855f43a873c71fe7b61a0311ad4b19a0a56f0bae5f99c5e35c8baf32c560325","True"
"windows-service-bundle-receipt-v3.schema.json","P0_GPT_BROWSER_BRIDGE","_staging\p0_core_import_20260730_174852\source_files\E\YOLLA\worktrees\a4-windows-build-v4\s1\ship-now\wkr-004-install-restart\wave3_windows_service_bundle_v3\schemas\windows-service-bundle-receipt-v3.schema.json",".\src_import\p0_core_import_v2_20260731_012550\P0_GPT_BROWSER_BRIDGE\6125cc47d142_windows-service-bundle-receipt-v3.schema.json","6125cc47d142dbdaa1889f1290ea7f1000570a986aded88fb76162edede3aac6","6125cc47d142dbdaa1889f1290ea7f1000570a986aded88fb76162edede3aac6","True"
"W03_YOLLA_UI_ROUTE_COVERAGE_EXPLORATION_PLANNER_V1_PROMPT.txt","P0_GPT_BROWSER_BRIDGE","_staging\p0_core_import_20260730_174852\source_files\E\YOLLA\worktrees\a4-windows-build-v4\out\YOLLA_SITE_SCANNER_WAVE2_W01_W02_W03_PROMPTS\YOLLA_SITE_SCANNER_WAVE2_W01_W02_W03\W03_YOLLA_UI_ROUTE_COVERAGE_EXPLORATION_PLANNER_V1_PROMPT.txt",".\src_import\p0_core_import_v2_20260731_012550\P0_GPT_BROWSER_BRIDGE\597f9337d83f_W03_YOLLA_UI_ROUTE_COVERAGE_EXPLORATION_PLANNER_V1_PROMPT.txt","597f9337d83fde438c8a842129a5072db49c22a8725233c7e66b03cb2a77f19f","597f9337d83fde438c8a842129a5072db49c22a8725233c7e66b03cb2a77f19f","True"
"W02_YOLLA_NETWORK_CONTRACT_DRIFT_ANALYZER_V1_PROMPT.txt","P0_GPT_BROWSER_BRIDGE","_staging\p0_core_import_20260730_174852\source_files\E\YOLLA\worktrees\a4-windows-build-v4\out\YOLLA_SITE_SCANNER_WAVE2_W01_W02_W03_PROMPTS\YOLLA_SITE_SCANNER_WAVE2_W01_W02_W03\W02_YOLLA_NETWORK_CONTRACT_DRIFT_ANALYZER_V1_PROMPT.txt",".\src_import\p0_core_import_v2_20260731_012550\P0_GPT_BROWSER_BRIDGE\d717595174a8_W02_YOLLA_NETWORK_CONTRACT_DRIFT_ANALYZER_V1_PROMPT.txt","d717595174a878796f6bb4226b869fe8699a7a7f814297a46865401f4b94ee9f","d717595174a878796f6bb4226b869fe8699a7a7f814297a46865401f4b94ee9f","True"
"W04_VERIFIER_FIX_AND_FINAL_INTEGRATION_THIRD_PASS_PROMPT.txt","P0_GPT_BROWSER_BRIDGE","_staging\p0_core_import_20260730_174852\source_files\E\YOLLA\worktrees\a4-windows-build-v4\out\W04_VERIFIER_FIX_AND_FINAL_INTEGRATION_THIRD_PASS_PROMPT.txt",".\src_import\p0_core_import_v2_20260731_012550\P0_GPT_BROWSER_BRIDGE\84370ab0eb36_W04_VERIFIER_FIX_AND_FINAL_INTEGRATION_THIRD_PASS_PROMPT.txt","84370ab0eb3675638a447d22ec9de663340710458a96285ff9ff6103cf173e32","84370ab0eb3675638a447d22ec9de663340710458a96285ff9ff6103cf173e32","True"
"W04_DELIVERY_MESSAGE.txt","P0_GPT_BROWSER_BRIDGE","_staging\p0_core_import_20260730_174852\source_files\E\YOLLA\worktrees\a4-windows-build-v4\out\W04_DELIVERY_MESSAGE.txt",".\src_import\p0_core_import_v2_20260731_012550\P0_GPT_BROWSER_BRIDGE\f1a3db8f685d_W04_DELIVERY_MESSAGE.txt","f1a3db8f685d03bad903938cd3e16cb3201ff265c73fca4f21d56ddee707c389","f1a3db8f685d03bad903938cd3e16cb3201ff265c73fca4f21d56ddee707c389","True"
"FILE_HASHES.json","P0_GPT_BROWSER_BRIDGE","_staging\p0_core_import_20260730_174852\source_files\D\SOURCE_FACTORY\assembled\20260701_01_STAGE1_BROWSER\_ASSEMBLY_REPORTS\FILE_HASHES.json",".\src_import\p0_core_import_v2_20260731_012550\P0_GPT_BROWSER_BRIDGE\45127f97bd3a_FILE_HASHES.json","45127f97bd3a018613db6e18aa4e6d8192159c4b1251c4f7f023534c0fb4e157","45127f97bd3a018613db6e18aa4e6d8192159c4b1251c4f7f023534c0fb4e157","True"
"diagnostics.js","P0_GPT_BROWSER_BRIDGE","_staging\p0_core_import_20260730_174852\source_files\D\SOURCE_FACTORY\assembled\20260701_01_STAGE1_BROWSER\src\core\diagnostics.js",".\src_import\p0_core_import_v2_20260731_012550\P0_GPT_BROWSER_BRIDGE\8aff7147a926_diagnostics.js","8aff7147a926623668d25bae5c8f9081a5c7552c8dc0d64eea8b15ce8b20d89e","8aff7147a926623668d25bae5c8f9081a5c7552c8dc0d64eea8b15ce8b20d89e","True"
"MISSION_INTAKE_V1.json","P0_GPT_BROWSER_BRIDGE","_staging\p0_core_import_20260730_174852\source_files\E\YOLLA\worktrees\a4-windows-build-v4\s1\ship-now\wkr-004-install-restart\MISSION_INTAKE_V1.json",".\src_import\p0_core_import_v2_20260731_012550\P0_GPT_BROWSER_BRIDGE\dd275afa5922_MISSION_INTAKE_V1.json","dd275afa59221be033956fb028dc8850e15532b0374f7debbafa18aa0bcabe97","dd275afa59221be033956fb028dc8850e15532b0374f7debbafa18aa0bcabe97","True"
"fileNameSafe.js","P0_GPT_BROWSER_BRIDGE","_staging\p0_core_import_20260730_174852\source_files\D\SOURCE_FACTORY\assembled\20260701_01_STAGE1_BROWSER\src\core\fileNameSafe.js",".\src_import\p0_core_import_v2_20260731_012550\P0_GPT_BROWSER_BRIDGE\e2e55ca1e08a_fileNameSafe.js","e2e55ca1e08a8b96c62d77348b66dccbf3c570cce9a0fa2a78452098609431f5","e2e55ca1e08a8b96c62d77348b66dccbf3c570cce9a0fa2a78452098609431f5","True"
"a4-hosted-windows-pc-agent-build-v4.yml","P0_GPT_BROWSER_BRIDGE","_staging\p0_core_import_20260730_174852\source_files\E\YOLLA\worktrees\a4-windows-build-v4\.github\workflows\a4-hosted-windows-pc-agent-build-v4.yml",".\src_import\p0_core_import_v2_20260731_012550\P0_GPT_BROWSER_BRIDGE\cb4b65aaf72f_a4-hosted-windows-pc-agent-build-v4.yml","cb4b65aaf72f33cb414bff7dc0d1f4788f5ccd2e47250bfdf318982dde3d064e","cb4b65aaf72f33cb414bff7dc0d1f4788f5ccd2e47250bfdf318982dde3d064e","True"
"A4_W36_USER_PC_JOB_GOLDEN_CONSUMER_TERMINAL.json","P0_GPT_BROWSER_BRIDGE","_staging\p0_core_import_20260730_174852\source_files\E\YOLLA\worktrees\a4-windows-build-v4\COMMAND_CENTER\AUTOMATION\V1\EVENTS\A4_W36_USER_PC_JOB_GOLDEN_CONSUMER_TERMINAL.json",".\src_import\p0_core_import_v2_20260731_012550\P0_GPT_BROWSER_BRIDGE\73a009f6be78_A4_W36_USER_PC_JOB_GOLDEN_CONSUMER_TERMINAL.json","73a009f6be78c773cd41b0d45e49e67a8d7db043d6ee440b304250ee369b7656","73a009f6be78c773cd41b0d45e49e67a8d7db043d6ee440b304250ee369b7656","True"
"buttonHandlers.js","P0_GPT_BROWSER_BRIDGE","_staging\p0_core_import_20260730_174852\source_files\D\SOURCE_FACTORY\assembled\20260701_01_STAGE1_BROWSER\src\renderer\buttonHandlers.js",".\src_import\p0_core_import_v2_20260731_012550\P0_GPT_BROWSER_BRIDGE\d69be4e9afcc_buttonHandlers.js","d69be4e9afcc5864af7e1b38529b98c57064a2aa96b23883dea32e112c03343b","d69be4e9afcc5864af7e1b38529b98c57064a2aa96b23883dea32e112c03343b","True"
"ASSEMBLY_MANIFEST.json","P0_GPT_BROWSER_BRIDGE","_staging\p0_core_import_20260730_174852\source_files\D\SOURCE_FACTORY\_ASSEMBLY_RECORDS\2026-07-01\STAGE1_BROWSER_V0_1_RUNTIME_PASS\ASSEMBLY_MANIFEST.json",".\src_import\p0_core_import_v2_20260731_012550\P0_GPT_BROWSER_BRIDGE\710ad2fc6889_ASSEMBLY_MANIFEST.json","710ad2fc68896445f45a909c9d00d6bbc65a55cdb1f769f4580a45d66b9c3c85","710ad2fc68896445f45a909c9d00d6bbc65a55cdb1f769f4580a45d66b9c3c85","True"
"promptBuilder.js","P0_GPT_BROWSER_BRIDGE","_staging\p0_core_import_20260730_174852\source_files\D\SOURCE_FACTORY\assembled\20260701_01_STAGE1_BROWSER\src\core\promptBuilder.js",".\src_import\p0_core_import_v2_20260731_012550\P0_GPT_BROWSER_BRIDGE\b9cd9a2895d0_promptBuilder.js","b9cd9a2895d0a6fc70172875bba25659a59e11753a95b71ff9ab9445db8e08de","b9cd9a2895d0a6fc70172875bba25659a59e11753a95b71ff9ab9445db8e08de","True"
"RUN_STAGE1_DIAGNOSTIC.bat","P0_GPT_BROWSER_BRIDGE","_staging\p0_core_import_20260730_174852\source_files\D\SOURCE_FACTORY\_ASSEMBLY_RECORDS\2026-07-01\STAGE1_BROWSER_V0_1_RUNTIME_PASS\assembled_files\assembled\20260701_01_STAGE1_BROWSER\run\RUN_STAGE1_DIAGNOSTIC.bat",".\src_import\p0_core_import_v2_20260731_012550\P0_GPT_BROWSER_BRIDGE\3d07ea5055b8_RUN_STAGE1_DIAGNOSTIC.bat","3d07ea5055b87df89b9039d0d3508b828b410b8002b143f201d83fc02c1df470","3d07ea5055b87df89b9039d0d3508b828b410b8002b143f201d83fc02c1df470","True"
"README_COMMANDER_AUDIT.md","P0_GPT_BROWSER_BRIDGE","_staging\p0_core_import_20260730_174852\source_files\E\YOLLA\worktrees\a4-windows-build-v4\out\YOLLA_SITE_SCANNER_UPSTREAM_CORRECTION_HANDOFF\YOLLA_SITE_SCANNER_UPSTREAM_CORRECTION_HANDOFF\README_COMMANDER_AUDIT.md",".\src_import\p0_core_import_v2_20260731_012550\P0_GPT_BROWSER_BRIDGE\6b4f2df8465c_README_COMMANDER_AUDIT.md","6b4f2df8465c73f37b44067d56349b066d83749839dbb7d3e7a6903f1fc7ff1a","6b4f2df8465c73f37b44067d56349b066d83749839dbb7d3e7a6903f1fc7ff1a","True"
"README.md","P0_GPT_BROWSER_BRIDGE","_staging\p0_core_import_20260730_174852\source_files\E\YOLLA\worktrees\a4-windows-build-v4\out\YOLLA_W08_W09_W10_PARALLEL_WORKER_PACKAGE\YOLLA_W08_W09_W10_PARALLEL_WORKER_PACKAGE\README.md",".\src_import\p0_core_import_v2_20260731_012550\P0_GPT_BROWSER_BRIDGE\5643acd1a7c0_README.md","5643acd1a7c00031459720b717cba6eb660293a7cb9c7f6c815091f4b90a8897","5643acd1a7c00031459720b717cba6eb660293a7cb9c7f6c815091f4b90a8897","True"
"FULL_OUTPUT.txt","P0_PC_AGENT_ROUTING_CORE","_staging\p0_core_import_20260730_174852\source_files\D\SOURCE_FACTORY\_COMMANDER_INBOX\20260701\RETURN_20260701_130848309_8c357311\FULL_OUTPUT.txt",".\src_import\p0_core_import_v2_20260731_012550\P0_PC_AGENT_ROUTING_CORE\e3b0c44298fc_FULL_OUTPUT.txt","e3b0c44298fc1c149afbf4c8996fb92427ae41e4649b934ca495991b7852b855","e3b0c44298fc1c149afbf4c8996fb92427ae41e4649b934ca495991b7852b855","True"
"SOURCE_EXTRACTION_REPORT.md","P0_PC_AGENT_ROUTING_CORE","_staging\p0_core_import_20260730_174852\source_files\D\SOURCE_FACTORY\assembled\20260701_06_STAGE3_WORKER_OUTPUT_SYNTAX_HOTFIX_RUNTIME_APP\_ASSEMBLY_REPORTS\SOURCE_EXTRACTION_REPORT.md",".\src_import\p0_core_import_v2_20260731_012550\P0_PC_AGENT_ROUTING_CORE\f2822066cec8_SOURCE_EXTRACTION_REPORT.md","f2822066cec8589331342a5727f9f03b24e2c4b52005f3012da743aa17f7b578","f2822066cec8589331342a5727f9f03b24e2c4b52005f3012da743aa17f7b578","True"
"resource_doctor.py","P0_PC_AGENT_ROUTING_CORE","_staging\p0_core_import_20260730_174852\source_files\E\YOLLA\repository\workers\b2\actual_pc_event_automation_e_drive_state_v1\src\yolla_pc_agent\resource_doctor.py",".\src_import\p0_core_import_v2_20260731_012550\P0_PC_AGENT_ROUTING_CORE\91f4d5cee4fb_resource_doctor.py","91f4d5cee4fb08e34a2c75fbb3d41ff8a0b2a583dead63a511283a3b50b15d70","91f4d5cee4fb08e34a2c75fbb3d41ff8a0b2a583dead63a511283a3b50b15d70","True"
"SOURCE_MANIFEST_V2.json","P0_PC_AGENT_ROUTING_CORE","_staging\p0_core_import_20260730_174852\source_files\E\YOLLA\repository\workers\b2\actual_api_db_staging_v1\SOURCE_MANIFEST_V2.json",".\src_import\p0_core_import_v2_20260731_012550\P0_PC_AGENT_ROUTING_CORE\4c5ce5abb207_SOURCE_MANIFEST_V2.json","4c5ce5abb20712204958a06b1831e4aea1f50ca6c564e4f54c14c8ab09024f88","4c5ce5abb20712204958a06b1831e4aea1f50ca6c564e4f54c14c8ab09024f88","True"
"PROHIBITED_ACTION_CHECK.json","P0_PC_AGENT_ROUTING_CORE","_staging\p0_core_import_20260730_174852\source_files\E\YOLLA\repository\workers\b2\next_integration_v1\B1-NEXT-INTEGRATION-V1-20260726-001\PROHIBITED_ACTION_CHECK.json",".\src_import\p0_core_import_v2_20260731_012550\P0_PC_AGENT_ROUTING_CORE\6ebf528f452c_PROHIBITED_ACTION_CHECK.json","6ebf528f452cd82ded9ad3334429e4966152ae11f860d73a320547bc09f9f591","6ebf528f452cd82ded9ad3334429e4966152ae11f860d73a320547bc09f9f591","True"
"promptBuilder.js","P0_PC_AGENT_ROUTING_CORE","_staging\p0_core_import_20260730_174852\source_files\D\SOURCE_FACTORY\assembled\20260701_06_STAGE3_WORKER_OUTPUT_SYNTAX_HOTFIX_RUNTIME_APP\src\core\promptBuilder.js",".\src_import\p0_core_import_v2_20260731_012550\P0_PC_AGENT_ROUTING_CORE\b9cd9a2895d0_promptBuilder.js","b9cd9a2895d0a6fc70172875bba25659a59e11753a95b71ff9ab9445db8e08de","b9cd9a2895d0a6fc70172875bba25659a59e11753a95b71ff9ab9445db8e08de","True"
"README.md","P0_PC_AGENT_ROUTING_CORE","_staging\p0_core_import_20260730_174852\source_files\E\YOLLA\repository\out\YOLLA_W08_W09_W10_PARALLEL_WORKER_PACKAGE\YOLLA_W08_W09_W10_PARALLEL_WORKER_PACKAGE\README.md",".\src_import\p0_core_import_v2_20260731_012550\P0_PC_AGENT_ROUTING_CORE\5643acd1a7c0_README.md","5643acd1a7c00031459720b717cba6eb660293a7cb9c7f6c815091f4b90a8897","5643acd1a7c00031459720b717cba6eb660293a7cb9c7f6c815091f4b90a8897","True"
"00_READ_ME_FIRST_COMMANDER_REPORT.md","P0_PC_AGENT_ROUTING_CORE","_staging\p0_core_import_20260730_174852\source_files\D\SOURCE_FACTORY\_COMMANDER_REPORTS\COMMANDER_REPORT_PACKAGE_20260701_061900\00_READ_ME_FIRST_COMMANDER_REPORT.md",".\src_import\p0_core_import_v2_20260731_012550\P0_PC_AGENT_ROUTING_CORE\9c67bf3c2567_00_READ_ME_FIRST_COMMANDER_REPORT.md","9c67bf3c25676fd5cad053259832bbeea28f1091753da939d5b22bf3f8ed4554","9c67bf3c25676fd5cad053259832bbeea28f1091753da939d5b22bf3f8ed4554","True"
"00_READ_ME_FIRST_COMMANDER_REPORT.md","P0_PC_AGENT_ROUTING_CORE","_staging\p0_core_import_20260730_174852\source_files\D\SOURCE_FACTORY\_COMMANDER_REPORTS\COMMANDER_REPORT_PACKAGE_20260701_063010\00_READ_ME_FIRST_COMMANDER_REPORT.md",".\src_import\p0_core_import_v2_20260731_012550\P0_PC_AGENT_ROUTING_CORE\5dd1c0494622_00_READ_ME_FIRST_COMMANDER_REPORT.md","5dd1c04946229fbb0b06f90d84466c5e1548aa739cdf0a4d8fde67aef1b17b8e","5dd1c04946229fbb0b06f90d84466c5e1548aa739cdf0a4d8fde67aef1b17b8e","True"
"00_READ_ME_FIRST_COMMANDER_REPORT.md","P0_PC_AGENT_ROUTING_CORE","_staging\p0_core_import_20260730_174852\source_files\D\SOURCE_FACTORY\_COMMANDER_REPORTS\COMMANDER_REPORT_PACKAGE_20260701_235518\00_READ_ME_FIRST_COMMANDER_REPORT.md",".\src_import\p0_core_import_v2_20260731_012550\P0_PC_AGENT_ROUTING_CORE\45fb4a947f46_00_READ_ME_FIRST_COMMANDER_REPORT.md","45fb4a947f46b5326468375126d63d41ae3d4e638d58154f084fb424e318b8ff","45fb4a947f46b5326468375126d63d41ae3d4e638d58154f084fb424e318b8ff","True"
"00_READ_ME_FIRST_COMMANDER_REPORT.md","P0_PC_AGENT_ROUTING_CORE","_staging\p0_core_import_20260730_174852\source_files\D\SOURCE_FACTORY\_COMMANDER_REPORTS\COMMANDER_REPORT_PACKAGE_20260701_160640\00_READ_ME_FIRST_COMMANDER_REPORT.md",".\src_import\p0_core_import_v2_20260731_012550\P0_PC_AGENT_ROUTING_CORE\ea1dfadcb1eb_00_READ_ME_FIRST_COMMANDER_REPORT.md","ea1dfadcb1eb22ffc48dcfb21ef1ea51725050a5e7499019b90ce511c005b61d","ea1dfadcb1eb22ffc48dcfb21ef1ea51725050a5e7499019b90ce511c005b61d","True"
"00_READ_ME_FIRST_COMMANDER_REPORT.md","P0_PC_AGENT_ROUTING_CORE","_staging\p0_core_import_20260730_174852\source_files\D\SOURCE_FACTORY\_COMMANDER_REPORTS\COMMANDER_REPORT_PACKAGE_20260702_001229\00_READ_ME_FIRST_COMMANDER_REPORT.md",".\src_import\p0_core_import_v2_20260731_012550\P0_PC_AGENT_ROUTING_CORE\0145e91360a7_00_READ_ME_FIRST_COMMANDER_REPORT.md","0145e91360a71867facc1c9826d5e24ecd669e5a2cd342f25061f63bfe0147c0","0145e91360a71867facc1c9826d5e24ecd669e5a2cd342f25061f63bfe0147c0","True"
"B2_PC_CONNECTION_GATE_V1.json","P0_PC_AGENT_ROUTING_CORE","_staging\p0_core_import_20260730_174852\source_files\E\YOLLA\repository\workers\b2\actual_pc_event_automation_e_drive_state_v1\evidence\B2_PC_CONNECTION_GATE_V1.json",".\src_import\p0_core_import_v2_20260731_012550\P0_PC_AGENT_ROUTING_CORE\6b98aea75304_B2_PC_CONNECTION_GATE_V1.json","6b98aea753045af0d067b8cd9cd4558c38fad670ec2897568e9005f3a5d43dfe","6b98aea753045af0d067b8cd9cd4558c38fad670ec2897568e9005f3a5d43dfe","True"
"B2_USER_ACTION_COMMAND_CORRECTION_V1.json","P0_PC_AGENT_ROUTING_CORE","_staging\p0_core_import_20260730_174852\source_files\E\YOLLA\repository\workers\b2\actual_pc_event_automation_e_drive_state_v1\evidence\B2_USER_ACTION_COMMAND_CORRECTION_V1.json",".\src_import\p0_core_import_v2_20260731_012550\P0_PC_AGENT_ROUTING_CORE\ea37f9b1bf9f_B2_USER_ACTION_COMMAND_CORRECTION_V1.json","ea37f9b1bf9fc8037c92cdf25f4ea2f44c3b885a179263890d54d2f3b9fa1c03","ea37f9b1bf9fc8037c92cdf25f4ea2f44c3b885a179263890d54d2f3b9fa1c03","True"
"00_READ_ME_FIRST_COMMANDER_REPORT.md","P0_PC_AGENT_ROUTING_CORE","_staging\p0_core_import_20260730_174852\source_files\D\SOURCE_FACTORY\_COMMANDER_REPORTS\COMMANDER_REPORT_PACKAGE_20260701_062302\00_READ_ME_FIRST_COMMANDER_REPORT.md",".\src_import\p0_core_import_v2_20260731_012550\P0_PC_AGENT_ROUTING_CORE\5ab04bdb4350_00_READ_ME_FIRST_COMMANDER_REPORT.md","5ab04bdb4350ca57012bc712cccabf01fc48b7fa8aca51b2655d71d318a2ea57","5ab04bdb4350ca57012bc712cccabf01fc48b7fa8aca51b2655d71d318a2ea57","True"
"B1-WAKE-TARGET-PC-ACCESS-AVAILABLE-20260728-001.json","P0_PC_AGENT_ROUTING_CORE","_staging\p0_core_import_20260730_174852\source_files\E\YOLLA\repository\COMMAND_CENTER\AUTOMATION\V1\COMMANDER_WAKE_QUEUE\PENDING\B1-WAKE-TARGET-PC-ACCESS-AVAILABLE-20260728-001.json",".\src_import\p0_core_import_v2_20260731_012550\P0_PC_AGENT_ROUTING_CORE\831f5e3580d1_B1-WAKE-TARGET-PC-ACCESS-AVAILABLE-20260728-001.json","831f5e3580d1d11d31a621ac29d07b1e3ba391f1d0f4295947470cb6d897b65a","831f5e3580d1d11d31a621ac29d07b1e3ba391f1d0f4295947470cb6d897b65a","True"
"00_READ_ME_FIRST_COMMANDER_REPORT.md","P0_PC_AGENT_ROUTING_CORE","_staging\p0_core_import_20260730_174852\source_files\D\SOURCE_FACTORY\_COMMANDER_REPORTS\COMMANDER_REPORT_PACKAGE_20260701_035338\00_READ_ME_FIRST_COMMANDER_REPORT.md",".\src_import\p0_core_import_v2_20260731_012550\P0_PC_AGENT_ROUTING_CORE\bd7111759f82_00_READ_ME_FIRST_COMMANDER_REPORT.md","bd7111759f82fe01ad4618aaa3c77687f4a78a4a8689f18289e607feab458246","bd7111759f82fe01ad4618aaa3c77687f4a78a4a8689f18289e607feab458246","True"
"B2_USER_ACTION_REVISION_5_RECEIPT_V1.json","P0_PC_AGENT_ROUTING_CORE","_staging\p0_core_import_20260730_174852\source_files\E\YOLLA\repository\workers\b2\actual_pc_event_automation_e_drive_state_v1\evidence\B2_USER_ACTION_REVISION_5_RECEIPT_V1.json",".\src_import\p0_core_import_v2_20260731_012550\P0_PC_AGENT_ROUTING_CORE\6c91a5417fd4_B2_USER_ACTION_REVISION_5_RECEIPT_V1.json","6c91a5417fd461257f07431bc3761c90413cb38ffb2c858191a842647c33547f","6c91a5417fd461257f07431bc3761c90413cb38ffb2c858191a842647c33547f","True"
"event_consumption_store.py","P0_PC_AGENT_ROUTING_CORE","_staging\p0_core_import_20260730_174852\source_files\E\YOLLA\repository\workers\b2\actual_pc_event_automation_e_drive_state_v1\src\yolla_pc_agent\event_consumption_store.py",".\src_import\p0_core_import_v2_20260731_012550\P0_PC_AGENT_ROUTING_CORE\6ae1df3747b0_event_consumption_store.py","6ae1df3747b0bf3611fc0bbf904be1ea2033bef415a33e4ec0f4a4cd99207a73","6ae1df3747b0bf3611fc0bbf904be1ea2033bef415a33e4ec0f4a4cd99207a73","True"
"FILE_INDEX.csv","P0_PC_AGENT_ROUTING_CORE","_staging\p0_core_import_20260730_174852\source_files\D\SOURCE_FACTORY\_COMMANDER_REPORTS\COMMANDER_REPORT_PACKAGE_20260702_001229\05_STRUCTURE\FILE_INDEX.csv",".\src_import\p0_core_import_v2_20260731_012550\P0_PC_AGENT_ROUTING_CORE\98b284eda755_FILE_INDEX.csv","98b284eda7554d6a4a2a0d4b176a9465e57ec28e86034460be082e894490460d","98b284eda7554d6a4a2a0d4b176a9465e57ec28e86034460be082e894490460d","True"
"B2_W12_PREFINAL_VALIDATOR.py","P0_PC_AGENT_ROUTING_CORE","_staging\p0_core_import_20260730_174852\source_files\E\YOLLA\repository\workers\b2\actual_api_db_staging_v1\B2_W12_PREFINAL_VALIDATOR.py",".\src_import\p0_core_import_v2_20260731_012550\P0_PC_AGENT_ROUTING_CORE\371b0480110f_B2_W12_PREFINAL_VALIDATOR.py","371b0480110f4f5766202bdaabf2134617b5dcf1b03c3fa7a59501a14d033792","371b0480110f4f5766202bdaabf2134617b5dcf1b03c3fa7a59501a14d033792","True"
"COMMANDER_REPORT_PACKAGE_MANIFEST.json","P0_PC_AGENT_ROUTING_CORE","_staging\p0_core_import_20260730_174852\source_files\D\SOURCE_FACTORY\_COMMANDER_REPORTS\COMMANDER_REPORT_PACKAGE_20260701_160640\COMMANDER_REPORT_PACKAGE_MANIFEST.json",".\src_import\p0_core_import_v2_20260731_012550\P0_PC_AGENT_ROUTING_CORE\695bc0d32e09_COMMANDER_REPORT_PACKAGE_MANIFEST.json","695bc0d32e09afe548022c424a69d8324072639392857d179355353e989e8680","695bc0d32e09afe548022c424a69d8324072639392857d179355353e989e8680","True"
"FILE_INDEX.csv","P0_PC_AGENT_ROUTING_CORE","_staging\p0_core_import_20260730_174852\source_files\D\SOURCE_FACTORY\_COMMANDER_REPORTS\COMMANDER_REPORT_PACKAGE_20260701_235518\05_STRUCTURE\FILE_INDEX.csv",".\src_import\p0_core_import_v2_20260731_012550\P0_PC_AGENT_ROUTING_CORE\a0b8f14ca9c2_FILE_INDEX.csv","a0b8f14ca9c286ffad294a4a0eed58affef591247beda88c498cee3828de3998","a0b8f14ca9c286ffad294a4a0eed58affef591247beda88c498cee3828de3998","True"
"FILE_INDEX.json","P0_PC_AGENT_ROUTING_CORE","_staging\p0_core_import_20260730_174852\source_files\D\SOURCE_FACTORY\_COMMANDER_REPORTS\COMMANDER_REPORT_PACKAGE_20260701_005729\05_STRUCTURE\FILE_INDEX.json",".\src_import\p0_core_import_v2_20260731_012550\P0_PC_AGENT_ROUTING_CORE\5b836df1aa46_FILE_INDEX.json","5b836df1aa46f191d7250d0d7e59e440aa652ff87b30e587f618305cdc5f9cd7","5b836df1aa46f191d7250d0d7e59e440aa652ff87b30e587f618305cdc5f9cd7","True"
